{"minecraft:recipes/decorations/crafting_table":{"criteria":{"unlock_right_away":"2025-06-25 17:54:03 +0900"},"done":true},"minecraft:adventure/adventuring_time":{"criteria":{"minecraft:plains":"2025-06-25 17:54:04 +0900"},"done":false},"minecraft:recipes/decorations/gray_bed":{"criteria":{"has_gray_wool":"2025-06-25 17:54:10 +0900"},"done":true},"minecraft:recipes/decorations/painting":{"criteria":{"has_wool":"2025-06-25 17:54:10 +0900"},"done":true},"minecraft:recipes/decorations/gray_banner":{"criteria":{"has_gray_wool":"2025-06-25 17:54:10 +0900"},"done":true},"minecraft:recipes/decorations/gray_carpet":{"criteria":{"has_gray_wool":"2025-06-25 17:54:10 +0900"},"done":true},"minecraft:recipes/food/cake":{"criteria":{"has_egg":"2025-06-25 17:55:45 +0900"},"done":true},"minecraft:recipes/misc/iron_nugget_from_smelting":{"criteria":{"has_chainmail_leggings":"2025-06-25 17:56:00 +0900"},"done":true},"minecraft:recipes/misc/iron_nugget_from_blasting":{"criteria":{"has_chainmail_leggings":"2025-06-25 17:56:00 +0900"},"done":true},"minecraft:recipes/misc/gold_nugget_from_smelting":{"criteria":{"has_golden_axe":"2025-06-25 17:56:15 +0900"},"done":true},"minecraft:recipes/misc/gold_nugget_from_blasting":{"criteria":{"has_golden_axe":"2025-06-25 17:56:15 +0900"},"done":true},"minecraft:recipes/decorations/snow":{"criteria":{"has_snowball":"2025-06-25 17:56:25 +0900"},"done":true},"minecraft:recipes/building_blocks/snow_block":{"criteria":{"has_snowball":"2025-06-25 17:56:25 +0900"},"done":true},"minecraft:recipes/decorations/chest":{"criteria":{"has_lots_of_items":"2025-06-25 17:56:30 +0900"},"done":true},"minecraft:recipes/building_blocks/waxed_copper_grate":{"criteria":{"has_waxed_copper_block":"2025-06-25 17:56:50 +0900"},"done":true},"minecraft:recipes/building_blocks/waxed_cut_copper_from_waxed_copper_block_stonecutting":{"criteria":{"has_waxed_copper_block":"2025-06-25 17:56:50 +0900"},"done":true},"minecraft:recipes/building_blocks/waxed_chiseled_copper_from_waxed_copper_block_stonecutting":{"criteria":{"has_waxed_copper_block":"2025-06-25 17:56:50 +0900"},"done":true},"minecraft:recipes/redstone/waxed_copper_bulb":{"criteria":{"has_waxed_copper_block":"2025-06-25 17:56:50 +0900"},"done":true},"minecraft:recipes/building_blocks/waxed_cut_copper":{"criteria":{"has_waxed_copper_block":"2025-06-25 17:56:50 +0900"},"done":true},"minecraft:recipes/building_blocks/waxed_cut_copper_stairs_from_waxed_copper_block_stonecutting":{"criteria":{"has_waxed_copper_block":"2025-06-25 17:56:50 +0900"},"done":true},"minecraft:recipes/misc/copper_ingot_from_waxed_copper_block":{"criteria":{"has_waxed_copper_block":"2025-06-25 17:56:50 +0900"},"done":true},"minecraft:recipes/building_blocks/waxed_copper_grate_from_waxed_copper_block_stonecutting":{"criteria":{"has_waxed_copper_block":"2025-06-25 17:56:50 +0900"},"done":true},"minecraft:recipes/building_blocks/waxed_cut_copper_slab_from_waxed_copper_block_stonecutting":{"criteria":{"has_waxed_copper_block":"2025-06-25 17:56:50 +0900"},"done":true},"minecraft:recipes/misc/bone_meal":{"criteria":{"has_bone":"2025-06-25 17:57:05 +0900"},"done":true},"minecraft:story/shiny_gear":{"criteria":{"diamond_chestplate":"2025-06-25 17:57:15 +0900"},"done":true},"minecraft:recipes/building_blocks/dye_brown_bed":{"criteria":{"has_needed_dye":"2025-06-25 17:57:25 +0900"},"done":true},"minecraft:recipes/tools/brown_bundle":{"criteria":{"has_brown_dye":"2025-06-25 17:57:25 +0900"},"done":true},"minecraft:recipes/building_blocks/dye_brown_carpet":{"criteria":{"has_needed_dye":"2025-06-25 17:57:25 +0900"},"done":true},"minecraft:recipes/decorations/brown_stained_glass_pane_from_glass_pane":{"criteria":{"has_brown_dye":"2025-06-25 17:57:25 +0900"},"done":true},"minecraft:recipes/decorations/brown_candle":{"criteria":{"has_brown_dye":"2025-06-25 17:57:25 +0900"},"done":true},"minecraft:recipes/building_blocks/dye_brown_wool":{"criteria":{"has_needed_dye":"2025-06-25 17:57:25 +0900"},"done":true},"minecraft:recipes/tools/flint_and_steel":{"criteria":{"has_obsidian":"2025-06-25 17:57:40 +0900"},"done":true},"minecraft:story/form_obsidian":{"criteria":{"obsidian":"2025-06-25 17:57:40 +0900"},"done":true},"minecraft:recipes/decorations/enchanting_table":{"criteria":{"has_obsidian":"2025-06-25 17:57:40 +0900"},"done":true},"minecraft:recipes/redstone/dispenser":{"criteria":{"has_bow":"2025-06-25 17:57:45 +0900"},"done":true},"minecraft:recipes/transportation/dark_oak_chest_boat":{"criteria":{"has_boat":"2025-06-25 17:57:50 +0900"},"done":true},"minecraft:recipes/transportation/bamboo_chest_raft":{"criteria":{"has_boat":"2025-06-25 17:57:50 +0900"},"done":true},"minecraft:recipes/transportation/spruce_chest_boat":{"criteria":{"has_boat":"2025-06-25 17:57:50 +0900"},"done":true},"minecraft:recipes/transportation/pale_oak_chest_boat":{"criteria":{"has_boat":"2025-06-25 17:57:50 +0900"},"done":true},"minecraft:recipes/transportation/jungle_chest_boat":{"criteria":{"has_boat":"2025-06-25 17:57:50 +0900"},"done":true},"minecraft:recipes/transportation/acacia_chest_boat":{"criteria":{"has_boat":"2025-06-25 17:57:50 +0900"},"done":true},"minecraft:recipes/transportation/mangrove_chest_boat":{"criteria":{"has_boat":"2025-06-25 17:57:50 +0900"},"done":true},"minecraft:recipes/transportation/oak_chest_boat":{"criteria":{"has_boat":"2025-06-25 17:57:50 +0900"},"done":true},"minecraft:recipes/transportation/cherry_chest_boat":{"criteria":{"has_boat":"2025-06-25 17:57:50 +0900"},"done":true},"minecraft:recipes/transportation/birch_chest_boat":{"criteria":{"has_boat":"2025-06-25 17:57:50 +0900"},"done":true},"minecraft:adventure/shoot_arrow":{"criteria":{"shot_arrow":"2025-06-25 17:57:55 +0900"},"done":true},"minecraft:adventure/root":{"criteria":{"killed_something":"2025-06-25 17:58:03 +0900"},"done":true},"minecraft:recipes/building_blocks/lime_concrete_powder":{"criteria":{"has_sand":"2025-06-25 17:58:15 +0900"},"done":true},"minecraft:recipes/building_blocks/light_gray_concrete_powder":{"criteria":{"has_sand":"2025-06-25 17:58:15 +0900"},"done":true},"minecraft:recipes/building_blocks/pink_concrete_powder":{"criteria":{"has_sand":"2025-06-25 17:58:15 +0900"},"done":true},"minecraft:recipes/building_blocks/orange_concrete_powder":{"criteria":{"has_sand":"2025-06-25 17:58:15 +0900"},"done":true},"minecraft:recipes/building_blocks/red_concrete_powder":{"criteria":{"has_sand":"2025-06-25 17:58:15 +0900"},"done":true},"minecraft:recipes/building_blocks/magenta_concrete_powder":{"criteria":{"has_sand":"2025-06-25 17:58:15 +0900"},"done":true},"minecraft:recipes/building_blocks/brown_concrete_powder":{"criteria":{"has_sand":"2025-06-25 17:58:15 +0900"},"done":true},"minecraft:recipes/building_blocks/light_blue_concrete_powder":{"criteria":{"has_sand":"2025-06-25 17:58:15 +0900"},"done":true},"minecraft:recipes/building_blocks/glass":{"criteria":{"has_smelts_to_glass":"2025-06-25 17:58:15 +0900"},"done":true},"minecraft:recipes/building_blocks/green_concrete_powder":{"criteria":{"has_sand":"2025-06-25 17:58:15 +0900"},"done":true},"minecraft:recipes/building_blocks/blue_concrete_powder":{"criteria":{"has_sand":"2025-06-25 17:58:15 +0900"},"done":true},"minecraft:recipes/building_blocks/yellow_concrete_powder":{"criteria":{"has_sand":"2025-06-25 17:58:15 +0900"},"done":true},"minecraft:recipes/building_blocks/sandstone":{"criteria":{"has_sand":"2025-06-25 17:58:15 +0900"},"done":true},"minecraft:recipes/building_blocks/white_concrete_powder":{"criteria":{"has_sand":"2025-06-25 17:58:15 +0900"},"done":true},"minecraft:recipes/building_blocks/gray_concrete_powder":{"criteria":{"has_sand":"2025-06-25 17:58:15 +0900"},"done":true},"minecraft:recipes/building_blocks/black_concrete_powder":{"criteria":{"has_sand":"2025-06-25 17:58:15 +0900"},"done":true},"minecraft:recipes/building_blocks/purple_concrete_powder":{"criteria":{"has_sand":"2025-06-25 17:58:15 +0900"},"done":true},"minecraft:recipes/building_blocks/cyan_concrete_powder":{"criteria":{"has_sand":"2025-06-25 17:58:15 +0900"},"done":true},"minecraft:recipes/building_blocks/dried_kelp_block":{"criteria":{"has_dried_kelp":"2025-06-25 17:59:15 +0900"},"done":true},"minecraft:husbandry/root":{"criteria":{"consumed_item":"2025-06-25 17:59:18 +0900"},"done":true},"minecraft:recipes/decorations/pale_moss_carpet":{"criteria":{"has_pale_moss_block":"2025-06-25 18:00:00 +0900"},"done":true},"minecraft:recipes/misc/charcoal":{"criteria":{"has_log":"2025-06-25 18:01:15 +0900"},"done":true},"minecraft:recipes/building_blocks/pale_oak_planks":{"criteria":{"has_log":"2025-06-25 18:01:15 +0900"},"done":true},"minecraft:recipes/building_blocks/pale_oak_wood":{"criteria":{"has_log":"2025-06-25 18:01:15 +0900"},"done":true},"minecraft:recipes/building_blocks/pale_oak_slab":{"criteria":{"has_planks":"2025-06-25 18:01:37 +0900"},"done":true},"minecraft:recipes/redstone/pale_oak_door":{"criteria":{"has_planks":"2025-06-25 18:01:37 +0900"},"done":true},"minecraft:recipes/redstone/pale_oak_trapdoor":{"criteria":{"has_planks":"2025-06-25 18:01:37 +0900"},"done":true},"minecraft:recipes/redstone/pale_oak_button":{"criteria":{"has_planks":"2025-06-25 18:01:37 +0900"},"done":true},"minecraft:recipes/redstone/pale_oak_fence_gate":{"criteria":{"has_planks":"2025-06-25 18:01:37 +0900"},"done":true},"minecraft:recipes/decorations/pale_oak_fence":{"criteria":{"has_planks":"2025-06-25 18:01:37 +0900"},"done":true},"minecraft:recipes/building_blocks/pale_oak_stairs":{"criteria":{"has_planks":"2025-06-25 18:01:37 +0900"},"done":true},"minecraft:recipes/misc/stick":{"criteria":{"has_planks":"2025-06-25 18:01:37 +0900"},"done":true},"minecraft:recipes/decorations/barrel":{"criteria":{"has_planks":"2025-06-25 18:01:37 +0900"},"done":true},"minecraft:recipes/redstone/pale_oak_pressure_plate":{"criteria":{"has_planks":"2025-06-25 18:01:37 +0900"},"done":true},"minecraft:recipes/decorations/pale_oak_sign":{"criteria":{"has_planks":"2025-06-25 18:01:37 +0900"},"done":true},"minecraft:recipes/misc/mojang_banner_pattern":{"criteria":{"has_enchanted_golden_apple":"2025-06-25 18:03:50 +0900"},"done":true},"minecraft:recipes/brewing/cauldron":{"criteria":{"has_water_bucket":"2025-06-25 18:05:22 +0900"},"done":true},"minecraft:recipes/transportation/mangrove_boat":{"criteria":{"in_water":"2025-06-25 18:05:38 +0900"},"done":true},"minecraft:recipes/transportation/acacia_boat":{"criteria":{"in_water":"2025-06-25 18:05:38 +0900"},"done":true},"minecraft:recipes/transportation/cherry_boat":{"criteria":{"in_water":"2025-06-25 18:05:38 +0900"},"done":true},"minecraft:recipes/transportation/pale_oak_boat":{"criteria":{"in_water":"2025-06-25 18:05:38 +0900"},"done":true},"minecraft:recipes/transportation/bamboo_raft":{"criteria":{"in_water":"2025-06-25 18:05:38 +0900"},"done":true},"minecraft:recipes/transportation/spruce_boat":{"criteria":{"in_water":"2025-06-25 18:05:38 +0900"},"done":true},"minecraft:recipes/transportation/birch_boat":{"criteria":{"in_water":"2025-06-25 18:05:38 +0900"},"done":true},"minecraft:recipes/transportation/oak_boat":{"criteria":{"in_water":"2025-06-25 18:05:38 +0900"},"done":true},"minecraft:recipes/transportation/jungle_boat":{"criteria":{"in_water":"2025-06-25 18:05:38 +0900"},"done":true},"minecraft:recipes/transportation/dark_oak_boat":{"criteria":{"in_water":"2025-06-25 18:05:38 +0900"},"done":true},"minecraft:recipes/food/cooked_chicken_from_campfire_cooking":{"criteria":{"has_chicken":"2025-06-25 18:08:26 +0900"},"done":true},"minecraft:recipes/food/cooked_chicken":{"criteria":{"has_chicken":"2025-06-25 18:08:26 +0900"},"done":true},"minecraft:recipes/food/cooked_chicken_from_smoking":{"criteria":{"has_chicken":"2025-06-25 18:08:26 +0900"},"done":true},"minecraft:recipes/combat/arrow":{"criteria":{"has_feather":"2025-06-25 18:08:26 +0900"},"done":true},"minecraft:recipes/misc/resin_clump":{"criteria":{"has_resin_block":"2025-06-25 18:11:08 +0900"},"done":true},"minecraft:recipes/misc/creaking_heart":{"criteria":{"has_resin_block":"2025-06-25 18:11:08 +0900"},"done":true},"minecraft:adventure/avoid_vibration":{"criteria":{"avoid_vibration":"2025-06-25 18:18:49 +0900"},"done":true},"minecraft:recipes/misc/slime_ball":{"criteria":{"has_slime_block":"2025-07-02 12:38:10 +0900"},"done":true},"minecraft:recipes/decorations/red_shulker_box":{"criteria":{"has_shulker_box":"2025-07-02 12:38:15 +0900"},"done":true},"minecraft:recipes/decorations/yellow_shulker_box":{"criteria":{"has_shulker_box":"2025-07-02 12:38:15 +0900"},"done":true},"minecraft:recipes/decorations/gray_shulker_box":{"criteria":{"has_shulker_box":"2025-07-02 12:38:15 +0900"},"done":true},"minecraft:recipes/decorations/lime_shulker_box":{"criteria":{"has_shulker_box":"2025-07-02 12:38:15 +0900"},"done":true},"minecraft:recipes/decorations/purple_shulker_box":{"criteria":{"has_shulker_box":"2025-07-02 12:38:15 +0900"},"done":true},"minecraft:recipes/decorations/pink_shulker_box":{"criteria":{"has_shulker_box":"2025-07-02 12:38:15 +0900"},"done":true},"minecraft:recipes/decorations/cyan_shulker_box":{"criteria":{"has_shulker_box":"2025-07-02 12:38:15 +0900"},"done":true},"minecraft:recipes/decorations/white_shulker_box":{"criteria":{"has_shulker_box":"2025-07-02 12:38:15 +0900"},"done":true},"minecraft:recipes/decorations/green_shulker_box":{"criteria":{"has_shulker_box":"2025-07-02 12:38:15 +0900"},"done":true},"minecraft:recipes/decorations/brown_shulker_box":{"criteria":{"has_shulker_box":"2025-07-02 12:38:15 +0900"},"done":true},"minecraft:recipes/decorations/light_blue_shulker_box":{"criteria":{"has_shulker_box":"2025-07-02 12:38:15 +0900"},"done":true},"minecraft:recipes/decorations/magenta_shulker_box":{"criteria":{"has_shulker_box":"2025-07-02 12:38:15 +0900"},"done":true},"minecraft:recipes/decorations/light_gray_shulker_box":{"criteria":{"has_shulker_box":"2025-07-02 12:38:15 +0900"},"done":true},"minecraft:recipes/decorations/blue_shulker_box":{"criteria":{"has_shulker_box":"2025-07-02 12:38:15 +0900"},"done":true},"minecraft:recipes/decorations/orange_shulker_box":{"criteria":{"has_shulker_box":"2025-07-02 12:38:15 +0900"},"done":true},"minecraft:recipes/decorations/black_shulker_box":{"criteria":{"has_shulker_box":"2025-07-02 12:38:15 +0900"},"done":true},"minecraft:recipes/building_blocks/waxed_exposed_chiseled_copper":{"criteria":{"has_waxed_exposed_cut_copper_slab":"2025-07-02 12:38:25 +0900"},"done":true},"minecraft:recipes/decorations/pink_bed":{"criteria":{"has_pink_wool":"2025-07-02 12:39:00 +0900"},"done":true},"minecraft:recipes/decorations/pink_carpet":{"criteria":{"has_pink_wool":"2025-07-02 12:39:00 +0900"},"done":true},"minecraft:recipes/decorations/pink_banner":{"criteria":{"has_pink_wool":"2025-07-02 12:39:00 +0900"},"done":true},"minecraft:recipes/tools/recovery_compass":{"criteria":{"has_echo_shard":"2025-07-02 12:39:25 +0900"},"done":true},"minecraft:recipes/misc/popped_chorus_fruit":{"criteria":{"has_chorus_fruit":"2025-07-02 12:40:20 +0900"},"done":true},"minecraft:recipes/building_blocks/waxed_oxidized_copper_bulb_from_honeycomb":{"criteria":{"has_oxidized_copper_bulb":"2025-07-02 12:41:10 +0900"},"done":true},"minecraft:recipes/food/honey_bottle":{"criteria":{"has_honey_block":"2025-07-02 12:41:35 +0900"},"done":true},"minecraft:husbandry/balanced_diet":{"criteria":{"enchanted_golden_apple":"2025-07-02 12:53:59 +0900","cooked_beef":"2025-07-02 12:55:11 +0900","chorus_fruit":"2025-07-02 12:56:06 +0900","golden_carrot":"2025-07-02 12:41:50 +0900"},"done":false},"minecraft:recipes/decorations/ladder":{"criteria":{"has_stick":"2025-07-02 12:43:00 +0900"},"done":true},"minecraft:recipes/decorations/campfire":{"criteria":{"has_stick":"2025-07-02 12:43:00 +0900"},"done":true},"minecraft:recipes/tools/wooden_hoe":{"criteria":{"has_stick":"2025-07-02 12:43:00 +0900"},"done":true},"minecraft:recipes/tools/wooden_pickaxe":{"criteria":{"has_stick":"2025-07-02 12:43:00 +0900"},"done":true},"minecraft:recipes/tools/wooden_axe":{"criteria":{"has_stick":"2025-07-02 12:43:00 +0900"},"done":true},"minecraft:recipes/tools/wooden_shovel":{"criteria":{"has_stick":"2025-07-02 12:43:00 +0900"},"done":true},"minecraft:recipes/combat/wooden_sword":{"criteria":{"has_stick":"2025-07-02 12:43:00 +0900"},"done":true},"minecraft:recipes/redstone/bamboo_trapdoor":{"criteria":{"has_planks":"2025-07-02 12:43:35 +0900"},"done":true},"minecraft:recipes/redstone/bamboo_pressure_plate":{"criteria":{"has_planks":"2025-07-02 12:43:35 +0900"},"done":true},"minecraft:recipes/building_blocks/bamboo_slab":{"criteria":{"has_planks":"2025-07-02 12:43:35 +0900"},"done":true},"minecraft:recipes/redstone/bamboo_button":{"criteria":{"has_planks":"2025-07-02 12:43:35 +0900"},"done":true},"minecraft:recipes/redstone/bamboo_fence_gate":{"criteria":{"has_planks":"2025-07-02 12:43:35 +0900"},"done":true},"minecraft:recipes/building_blocks/bamboo_stairs":{"criteria":{"has_planks":"2025-07-02 12:43:35 +0900"},"done":true},"minecraft:recipes/decorations/bamboo_sign":{"criteria":{"has_planks":"2025-07-02 12:43:35 +0900"},"done":true},"minecraft:recipes/redstone/bamboo_door":{"criteria":{"has_planks":"2025-07-02 12:43:35 +0900"},"done":true},"minecraft:recipes/decorations/bamboo_fence":{"criteria":{"has_planks":"2025-07-02 12:43:35 +0900"},"done":true},"minecraft:recipes/misc/music_disc_5":{"criteria":{"has_disc_fragment_5":"2025-07-02 12:45:10 +0900"},"done":true},"minecraft:recipes/redstone/redstone":{"criteria":{"has_redstone_block":"2025-07-02 12:45:25 +0900"},"done":true},"minecraft:recipes/building_blocks/cherry_slab":{"criteria":{"has_planks":"2025-07-02 12:50:43 +0900"},"done":true},"minecraft:recipes/redstone/cherry_fence_gate":{"criteria":{"has_planks":"2025-07-02 12:50:43 +0900"},"done":true},"minecraft:recipes/decorations/cherry_sign":{"criteria":{"has_planks":"2025-07-02 12:50:43 +0900"},"done":true},"minecraft:recipes/redstone/cherry_pressure_plate":{"criteria":{"has_planks":"2025-07-02 12:50:43 +0900"},"done":true},"minecraft:recipes/decorations/cherry_fence":{"criteria":{"has_planks":"2025-07-02 12:50:43 +0900"},"done":true},"minecraft:recipes/building_blocks/cherry_stairs":{"criteria":{"has_planks":"2025-07-02 12:50:43 +0900"},"done":true},"minecraft:recipes/redstone/cherry_trapdoor":{"criteria":{"has_planks":"2025-07-02 12:50:43 +0900"},"done":true},"minecraft:recipes/redstone/cherry_button":{"criteria":{"has_planks":"2025-07-02 12:50:43 +0900"},"done":true},"minecraft:recipes/redstone/cherry_door":{"criteria":{"has_planks":"2025-07-02 12:50:43 +0900"},"done":true},"minecraft:recipes/building_blocks/blue_ice":{"criteria":{"has_packed_ice":"2025-07-02 12:58:33 +0900"},"done":true},"minecraft:adventure/kill_all_mobs":{"criteria":{"minecraft:silverfish":"2025-07-02 13:31:03 +0900","minecraft:slime":"2025-07-02 14:11:47 +0900"},"done":false},"minecraft:adventure/kill_a_mob":{"criteria":{"minecraft:silverfish":"2025-07-02 13:31:03 +0900"},"done":true},"minecraft:adventure/honey_block_slide":{"criteria":{"honey_block_slide":"2025-07-02 13:45:59 +0900"},"done":true},"minecraft:adventure/sleep_in_bed":{"criteria":{"slept_in_bed":"2025-07-02 13:51:11 +0900"},"done":true},"minecraft:adventure/throw_trident":{"criteria":{"shot_trident":"2025-07-02 13:54:50 +0900"},"done":true},"minecraft:recipes/building_blocks/purpur_block":{"criteria":{"has_chorus_fruit_popped":"2025-07-02 14:00:01 +0900"},"done":true},"minecraft:recipes/decorations/end_rod":{"criteria":{"has_chorus_fruit_popped":"2025-07-02 14:00:01 +0900"},"done":true},"minecraft:adventure/kill_mob_near_sculk_catalyst":{"criteria":{"kill_mob_near_sculk_catalyst":"2025-07-02 14:11:33 +0900"},"done":true},"DataVersion":4325}