{"minecraft:recipes/decorations/crafting_table":{"criteria":{"unlock_right_away":"2025-06-23 16:18:25 +0900"},"done":true},"minecraft:adventure/adventuring_time":{"criteria":{"minecraft:plains":"2025-06-23 16:18:26 +0900"},"done":false},"minecraft:recipes/redstone/redstone":{"criteria":{"has_redstone_block":"2025-06-23 16:19:03 +0900"},"done":true},"minecraft:recipes/combat/diamond_leggings":{"criteria":{"has_diamond":"2025-06-23 16:26:26 +0900"},"done":true},"minecraft:recipes/combat/diamond_sword":{"criteria":{"has_diamond":"2025-06-23 16:26:26 +0900"},"done":true},"minecraft:recipes/decorations/jukebox":{"criteria":{"has_diamond":"2025-06-23 16:26:26 +0900"},"done":true},"minecraft:recipes/combat/diamond_chestplate":{"criteria":{"has_diamond":"2025-06-23 16:26:26 +0900"},"done":true},"minecraft:recipes/combat/diamond_helmet":{"criteria":{"has_diamond":"2025-06-23 16:26:26 +0900"},"done":true},"minecraft:recipes/tools/diamond_pickaxe":{"criteria":{"has_diamond":"2025-06-23 16:26:26 +0900"},"done":true},"minecraft:recipes/building_blocks/diamond_block":{"criteria":{"has_diamond":"2025-06-23 16:26:26 +0900"},"done":true},"minecraft:recipes/tools/diamond_hoe":{"criteria":{"has_diamond":"2025-06-23 16:26:26 +0900"},"done":true},"minecraft:recipes/tools/diamond_shovel":{"criteria":{"has_diamond":"2025-06-23 16:26:26 +0900"},"done":true},"minecraft:story/mine_diamond":{"criteria":{"diamond":"2025-06-23 16:26:26 +0900"},"done":true},"minecraft:recipes/tools/diamond_axe":{"criteria":{"has_diamond":"2025-06-23 16:26:26 +0900"},"done":true},"minecraft:recipes/combat/diamond_boots":{"criteria":{"has_diamond":"2025-06-23 16:26:26 +0900"},"done":true},"minecraft:recipes/decorations/white_banner":{"criteria":{"has_white_wool":"2025-06-23 16:48:31 +0900"},"done":true},"minecraft:recipes/decorations/painting":{"criteria":{"has_wool":"2025-06-23 16:48:31 +0900"},"done":true},"minecraft:recipes/decorations/white_bed":{"criteria":{"has_white_wool":"2025-06-23 16:48:31 +0900"},"done":true},"minecraft:recipes/decorations/white_carpet":{"criteria":{"has_white_wool":"2025-06-23 16:48:31 +0900"},"done":true},"minecraft:recipes/decorations/light_gray_bed":{"criteria":{"has_light_gray_wool":"2025-06-23 16:48:32 +0900"},"done":true},"minecraft:recipes/decorations/light_gray_banner":{"criteria":{"has_light_gray_wool":"2025-06-23 16:48:32 +0900"},"done":true},"minecraft:recipes/decorations/light_gray_carpet":{"criteria":{"has_light_gray_wool":"2025-06-23 16:48:32 +0900"},"done":true},"minecraft:recipes/decorations/gray_bed":{"criteria":{"has_gray_wool":"2025-06-23 16:48:33 +0900"},"done":true},"minecraft:recipes/decorations/gray_banner":{"criteria":{"has_gray_wool":"2025-06-23 16:48:33 +0900"},"done":true},"minecraft:recipes/decorations/gray_carpet":{"criteria":{"has_gray_wool":"2025-06-23 16:48:33 +0900"},"done":true},"minecraft:recipes/decorations/black_bed":{"criteria":{"has_black_wool":"2025-06-23 16:48:34 +0900"},"done":true},"minecraft:recipes/decorations/black_carpet":{"criteria":{"has_black_wool":"2025-06-23 16:48:34 +0900"},"done":true},"minecraft:recipes/decorations/black_banner":{"criteria":{"has_black_wool":"2025-06-23 16:48:34 +0900"},"done":true},"minecraft:recipes/decorations/brown_banner":{"criteria":{"has_brown_wool":"2025-06-23 16:48:35 +0900"},"done":true},"minecraft:recipes/decorations/brown_bed":{"criteria":{"has_brown_wool":"2025-06-23 16:48:35 +0900"},"done":true},"minecraft:recipes/decorations/brown_carpet":{"criteria":{"has_brown_wool":"2025-06-23 16:48:35 +0900"},"done":true},"minecraft:recipes/transportation/dark_oak_chest_boat":{"criteria":{"has_boat":"2025-06-23 16:50:17 +0900"},"done":true},"minecraft:recipes/transportation/bamboo_chest_raft":{"criteria":{"has_boat":"2025-06-23 16:50:17 +0900"},"done":true},"minecraft:recipes/transportation/spruce_chest_boat":{"criteria":{"has_boat":"2025-06-23 16:50:17 +0900"},"done":true},"minecraft:recipes/transportation/pale_oak_chest_boat":{"criteria":{"has_boat":"2025-06-23 16:50:17 +0900"},"done":true},"minecraft:recipes/decorations/chest":{"criteria":{"has_lots_of_items":"2025-06-23 16:50:17 +0900"},"done":true},"minecraft:recipes/transportation/jungle_chest_boat":{"criteria":{"has_boat":"2025-06-23 16:50:17 +0900"},"done":true},"minecraft:recipes/transportation/acacia_chest_boat":{"criteria":{"has_boat":"2025-06-23 16:50:17 +0900"},"done":true},"minecraft:recipes/transportation/mangrove_chest_boat":{"criteria":{"has_boat":"2025-06-23 16:50:17 +0900"},"done":true},"minecraft:recipes/transportation/oak_chest_boat":{"criteria":{"has_boat":"2025-06-23 16:50:17 +0900"},"done":true},"minecraft:recipes/transportation/cherry_chest_boat":{"criteria":{"has_boat":"2025-06-23 16:50:17 +0900"},"done":true},"minecraft:recipes/transportation/birch_chest_boat":{"criteria":{"has_boat":"2025-06-23 16:50:17 +0900"},"done":true},"minecraft:recipes/transportation/mangrove_boat":{"criteria":{"in_water":"2025-06-23 16:50:42 +0900"},"done":true},"minecraft:recipes/transportation/acacia_boat":{"criteria":{"in_water":"2025-06-23 16:50:42 +0900"},"done":true},"minecraft:recipes/transportation/cherry_boat":{"criteria":{"in_water":"2025-06-23 16:50:42 +0900"},"done":true},"minecraft:recipes/transportation/pale_oak_boat":{"criteria":{"in_water":"2025-06-23 16:50:42 +0900"},"done":true},"minecraft:recipes/transportation/bamboo_raft":{"criteria":{"in_water":"2025-06-23 16:50:42 +0900"},"done":true},"minecraft:recipes/transportation/spruce_boat":{"criteria":{"in_water":"2025-06-23 16:50:42 +0900"},"done":true},"minecraft:recipes/transportation/birch_boat":{"criteria":{"in_water":"2025-06-23 16:50:42 +0900"},"done":true},"minecraft:recipes/transportation/oak_boat":{"criteria":{"in_water":"2025-06-23 16:50:42 +0900"},"done":true},"minecraft:recipes/transportation/jungle_boat":{"criteria":{"in_water":"2025-06-23 16:50:42 +0900"},"done":true},"minecraft:recipes/transportation/dark_oak_boat":{"criteria":{"in_water":"2025-06-23 16:50:42 +0900"},"done":true},"minecraft:recipes/misc/gold_nugget_from_smelting":{"criteria":{"has_golden_boots":"2025-06-23 16:51:11 +0900"},"done":true},"minecraft:recipes/misc/gold_nugget_from_blasting":{"criteria":{"has_golden_boots":"2025-06-23 16:51:11 +0900"},"done":true},"minecraft:recipes/misc/iron_nugget_from_smelting":{"criteria":{"has_iron_axe":"2025-06-23 16:52:01 +0900"},"done":true},"minecraft:recipes/misc/iron_nugget_from_blasting":{"criteria":{"has_iron_axe":"2025-06-23 16:52:01 +0900"},"done":true},"minecraft:husbandry/obtain_netherite_hoe":{"criteria":{"netherite_hoe":"2025-06-23 16:52:31 +0900"},"done":true},"minecraft:recipes/tools/flint_and_steel":{"criteria":{"has_obsidian":"2025-06-23 16:53:46 +0900"},"done":true},"minecraft:story/form_obsidian":{"criteria":{"obsidian":"2025-06-23 16:53:46 +0900"},"done":true},"minecraft:recipes/decorations/enchanting_table":{"criteria":{"has_obsidian":"2025-06-23 16:53:46 +0900"},"done":true},"minecraft:end/elytra":{"criteria":{"elytra":"2025-06-23 16:55:01 +0900"},"done":true},"minecraft:recipes/misc/charcoal":{"criteria":{"has_log":"2025-06-23 16:56:33 +0900"},"done":true},"minecraft:recipes/building_blocks/pale_oak_planks":{"criteria":{"has_log":"2025-06-23 16:56:33 +0900"},"done":true},"minecraft:recipes/building_blocks/pale_oak_wood":{"criteria":{"has_log":"2025-06-23 16:56:33 +0900"},"done":true},"minecraft:recipes/redstone/acacia_button":{"criteria":{"has_planks":"2025-06-23 16:56:41 +0900"},"done":true},"minecraft:recipes/redstone/acacia_pressure_plate":{"criteria":{"has_planks":"2025-06-23 16:56:41 +0900"},"done":true},"minecraft:recipes/decorations/acacia_sign":{"criteria":{"has_planks":"2025-06-23 16:56:41 +0900"},"done":true},"minecraft:recipes/building_blocks/acacia_slab":{"criteria":{"has_planks":"2025-06-23 16:56:41 +0900"},"done":true},"minecraft:recipes/redstone/acacia_trapdoor":{"criteria":{"has_planks":"2025-06-23 16:56:41 +0900"},"done":true},"minecraft:recipes/misc/stick":{"criteria":{"has_planks":"2025-06-23 16:56:41 +0900"},"done":true},"minecraft:recipes/decorations/acacia_fence":{"criteria":{"has_planks":"2025-06-23 16:56:41 +0900"},"done":true},"minecraft:recipes/decorations/barrel":{"criteria":{"has_planks":"2025-06-23 16:56:41 +0900"},"done":true},"minecraft:recipes/building_blocks/acacia_stairs":{"criteria":{"has_planks":"2025-06-23 16:56:41 +0900"},"done":true},"minecraft:recipes/redstone/acacia_door":{"criteria":{"has_planks":"2025-06-23 16:56:41 +0900"},"done":true},"minecraft:recipes/redstone/acacia_fence_gate":{"criteria":{"has_planks":"2025-06-23 16:56:41 +0900"},"done":true},"minecraft:recipes/misc/mojang_banner_pattern":{"criteria":{"has_enchanted_golden_apple":"2025-06-23 16:56:56 +0900"},"done":true},"minecraft:recipes/decorations/blue_bed":{"criteria":{"has_blue_wool":"2025-06-23 16:57:01 +0900"},"done":true},"minecraft:recipes/decorations/blue_carpet":{"criteria":{"has_blue_wool":"2025-06-23 16:57:01 +0900"},"done":true},"minecraft:recipes/decorations/blue_banner":{"criteria":{"has_blue_wool":"2025-06-23 16:57:01 +0900"},"done":true},"minecraft:recipes/food/suspicious_stew_from_wither_rose":{"criteria":{"has_wither_rose":"2025-06-23 16:57:26 +0900"},"done":true},"minecraft:recipes/misc/black_dye_from_wither_rose":{"criteria":{"has_wither_rose":"2025-06-23 16:57:26 +0900"},"done":true},"minecraft:recipes/misc/pink_dye_from_cactus_flower":{"criteria":{"has_cactus_flower":"2025-06-23 16:58:01 +0900"},"done":true},"minecraft:story/root":{"criteria":{"crafting_table":"2025-06-23 17:06:55 +0900"},"done":true},"minecraft:recipes/misc/slime_ball":{"criteria":{"has_slime_block":"2025-06-23 17:08:10 +0900"},"done":true},"minecraft:recipes/decorations/resin_brick_wall":{"criteria":{"has_resin_bricks":"2025-06-23 17:08:18 +0900"},"done":true},"minecraft:recipes/decorations/resin_brick_wall_from_resin_bricks_stonecutting":{"criteria":{"has_resin_bricks":"2025-06-23 17:08:18 +0900"},"done":true},"minecraft:recipes/building_blocks/resin_brick_stairs_from_resin_bricks_stonecutting":{"criteria":{"has_resin_bricks":"2025-06-23 17:08:18 +0900"},"done":true},"minecraft:recipes/building_blocks/chiseled_resin_bricks_from_resin_bricks_stonecutting":{"criteria":{"has_resin_bricks":"2025-06-23 17:08:18 +0900"},"done":true},"minecraft:recipes/building_blocks/resin_brick_slab_from_resin_bricks_stonecutting":{"criteria":{"has_resin_bricks":"2025-06-23 17:08:18 +0900"},"done":true},"minecraft:recipes/building_blocks/resin_brick_stairs":{"criteria":{"has_resin_bricks":"2025-06-23 17:08:18 +0900"},"done":true},"minecraft:recipes/building_blocks/resin_brick_slab":{"criteria":{"has_resin_bricks":"2025-06-23 17:08:18 +0900"},"done":true},"minecraft:recipes/tools/brown_bundle":{"criteria":{"has_brown_dye":"2025-06-23 17:09:10 +0900"},"done":true},"minecraft:recipes/decorations/brown_stained_glass_pane_from_glass_pane":{"criteria":{"has_brown_dye":"2025-06-23 17:09:10 +0900"},"done":true},"minecraft:recipes/decorations/brown_candle":{"criteria":{"has_brown_dye":"2025-06-23 17:09:10 +0900"},"done":true},"minecraft:recipes/building_blocks/dye_brown_wool":{"criteria":{"has_needed_dye":"2025-06-23 17:09:10 +0900"},"done":true},"minecraft:adventure/throw_trident":{"criteria":{"shot_trident":"2025-06-23 17:10:29 +0900"},"done":true},"minecraft:adventure/avoid_vibration":{"criteria":{"avoid_vibration":"2025-06-23 17:11:34 +0900"},"done":true},"minecraft:recipes/misc/resin_clump":{"criteria":{"has_resin_block":"2025-06-23 17:12:10 +0900"},"done":true},"minecraft:recipes/misc/creaking_heart":{"criteria":{"has_resin_block":"2025-06-23 17:12:10 +0900"},"done":true},"minecraft:recipes/misc/gray_dye_from_closed_eyeblossom":{"criteria":{"has_closed_eyeblossom":"2025-06-23 17:14:20 +0900"},"done":true},"minecraft:recipes/food/suspicious_stew_from_closed_eyeblossom":{"criteria":{"has_closed_eyeblossom":"2025-06-23 17:14:20 +0900"},"done":true},"minecraft:adventure/root":{"criteria":{"killed_something":"2025-06-23 17:15:50 +0900"},"done":true},"minecraft:recipes/building_blocks/waxed_copper_grate":{"criteria":{"has_waxed_copper_block":"2025-06-23 17:16:35 +0900"},"done":true},"minecraft:recipes/building_blocks/waxed_cut_copper_from_waxed_copper_block_stonecutting":{"criteria":{"has_waxed_copper_block":"2025-06-23 17:16:35 +0900"},"done":true},"minecraft:recipes/building_blocks/waxed_chiseled_copper_from_waxed_copper_block_stonecutting":{"criteria":{"has_waxed_copper_block":"2025-06-23 17:16:35 +0900"},"done":true},"minecraft:recipes/redstone/waxed_copper_bulb":{"criteria":{"has_waxed_copper_block":"2025-06-23 17:16:35 +0900"},"done":true},"minecraft:recipes/building_blocks/waxed_cut_copper":{"criteria":{"has_waxed_copper_block":"2025-06-23 17:16:35 +0900"},"done":true},"minecraft:recipes/building_blocks/waxed_cut_copper_stairs_from_waxed_copper_block_stonecutting":{"criteria":{"has_waxed_copper_block":"2025-06-23 17:16:35 +0900"},"done":true},"minecraft:recipes/misc/copper_ingot_from_waxed_copper_block":{"criteria":{"has_waxed_copper_block":"2025-06-23 17:16:35 +0900"},"done":true},"minecraft:recipes/building_blocks/waxed_copper_grate_from_waxed_copper_block_stonecutting":{"criteria":{"has_waxed_copper_block":"2025-06-23 17:16:35 +0900"},"done":true},"minecraft:recipes/building_blocks/waxed_cut_copper_slab_from_waxed_copper_block_stonecutting":{"criteria":{"has_waxed_copper_block":"2025-06-23 17:16:35 +0900"},"done":true},"minecraft:recipes/decorations/pale_moss_carpet":{"criteria":{"has_pale_moss_block":"2025-06-23 17:18:20 +0900"},"done":true},"minecraft:recipes/redstone/dispenser":{"criteria":{"has_bow":"2025-06-23 17:19:20 +0900"},"done":true},"minecraft:recipes/building_blocks/pale_oak_slab":{"criteria":{"has_planks":"2025-06-23 17:19:38 +0900"},"done":true},"minecraft:recipes/redstone/pale_oak_door":{"criteria":{"has_planks":"2025-06-23 17:19:38 +0900"},"done":true},"minecraft:recipes/redstone/pale_oak_trapdoor":{"criteria":{"has_planks":"2025-06-23 17:19:38 +0900"},"done":true},"minecraft:recipes/redstone/pale_oak_button":{"criteria":{"has_planks":"2025-06-23 17:19:38 +0900"},"done":true},"minecraft:recipes/redstone/pale_oak_fence_gate":{"criteria":{"has_planks":"2025-06-23 17:19:38 +0900"},"done":true},"minecraft:recipes/decorations/pale_oak_fence":{"criteria":{"has_planks":"2025-06-23 17:19:38 +0900"},"done":true},"minecraft:recipes/building_blocks/pale_oak_stairs":{"criteria":{"has_planks":"2025-06-23 17:19:38 +0900"},"done":true},"minecraft:recipes/redstone/pale_oak_pressure_plate":{"criteria":{"has_planks":"2025-06-23 17:19:38 +0900"},"done":true},"minecraft:recipes/decorations/pale_oak_sign":{"criteria":{"has_planks":"2025-06-23 17:19:38 +0900"},"done":true},"minecraft:recipes/misc/emerald":{"criteria":{"has_emerald_block":"2025-06-23 17:26:08 +0900"},"done":true},"minecraft:recipes/misc/orange_dye_from_open_eyeblossom":{"criteria":{"has_open_eyeblossom":"2025-06-23 17:28:58 +0900"},"done":true},"minecraft:recipes/food/suspicious_stew_from_open_eyeblossom":{"criteria":{"has_open_eyeblossom":"2025-06-23 17:28:58 +0900"},"done":true},"minecraft:recipes/decorations/composter":{"criteria":{"has_wood_slab":"2025-06-23 17:30:23 +0900"},"done":true},"minecraft:recipes/building_blocks/dripstone_block":{"criteria":{"has_pointed_dripstone":"2025-06-23 17:31:23 +0900"},"done":true},"minecraft:recipes/food/cake":{"criteria":{"has_egg":"2025-06-23 17:34:38 +0900"},"done":true},"minecraft:recipes/misc/bone_meal":{"criteria":{"has_bone":"2025-06-23 17:34:53 +0900"},"done":true},"minecraft:husbandry/root":{"criteria":{"consumed_item":"2025-06-23 17:35:25 +0900"},"done":true},"minecraft:story/shiny_gear":{"criteria":{"diamond_chestplate":"2025-06-23 17:36:23 +0900"},"done":true},"minecraft:adventure/kill_all_mobs":{"criteria":{"minecraft:silverfish":"2025-07-01 20:12:54 +0900","minecraft:zombie":"2025-06-27 07:54:29 +0900","minecraft:ravager":"2025-06-23 17:38:08 +0900"},"done":false},"minecraft:adventure/kill_a_mob":{"criteria":{"minecraft:ravager":"2025-06-23 17:38:08 +0900"},"done":true},"minecraft:recipes/building_blocks/resin_block":{"criteria":{"has_resin_clump":"2025-06-23 17:43:18 +0900"},"done":true},"minecraft:recipes/misc/resin_brick":{"criteria":{"has_resin_clump":"2025-06-23 17:43:18 +0900"},"done":true},"minecraft:husbandry/balanced_diet":{"criteria":{"enchanted_golden_apple":"2025-06-23 17:44:10 +0900","chorus_fruit":"2025-06-30 21:24:35 +0900","cooked_beef":"2025-07-01 19:52:36 +0900"},"done":false},"minecraft:nether/obtain_crying_obsidian":{"criteria":{"crying_obsidian":"2025-06-23 17:49:09 +0900"},"done":true},"minecraft:recipes/decorations/respawn_anchor":{"criteria":{"has_obsidian":"2025-06-23 17:49:09 +0900"},"done":true},"minecraft:recipes/misc/leaf_litter":{"criteria":{"has_leaves":"2025-06-23 18:00:08 +0900"},"done":true},"minecraft:recipes/misc/music_disc_5":{"criteria":{"has_disc_fragment_5":"2025-06-23 18:00:33 +0900"},"done":true},"minecraft:recipes/building_blocks/lime_concrete_powder":{"criteria":{"has_sand":"2025-06-23 18:00:38 +0900"},"done":true},"minecraft:recipes/building_blocks/light_gray_concrete_powder":{"criteria":{"has_sand":"2025-06-23 18:00:38 +0900"},"done":true},"minecraft:recipes/building_blocks/pink_concrete_powder":{"criteria":{"has_sand":"2025-06-23 18:00:38 +0900"},"done":true},"minecraft:recipes/building_blocks/orange_concrete_powder":{"criteria":{"has_sand":"2025-06-23 18:00:38 +0900"},"done":true},"minecraft:recipes/building_blocks/red_concrete_powder":{"criteria":{"has_sand":"2025-06-23 18:00:38 +0900"},"done":true},"minecraft:recipes/building_blocks/magenta_concrete_powder":{"criteria":{"has_sand":"2025-06-23 18:00:38 +0900"},"done":true},"minecraft:recipes/building_blocks/brown_concrete_powder":{"criteria":{"has_sand":"2025-06-23 18:00:38 +0900"},"done":true},"minecraft:recipes/building_blocks/light_blue_concrete_powder":{"criteria":{"has_sand":"2025-06-23 18:00:38 +0900"},"done":true},"minecraft:recipes/building_blocks/glass":{"criteria":{"has_smelts_to_glass":"2025-06-23 18:00:38 +0900"},"done":true},"minecraft:recipes/building_blocks/green_concrete_powder":{"criteria":{"has_sand":"2025-06-23 18:00:38 +0900"},"done":true},"minecraft:recipes/building_blocks/blue_concrete_powder":{"criteria":{"has_sand":"2025-06-23 18:00:38 +0900"},"done":true},"minecraft:recipes/building_blocks/yellow_concrete_powder":{"criteria":{"has_sand":"2025-06-23 18:00:38 +0900"},"done":true},"minecraft:recipes/building_blocks/sandstone":{"criteria":{"has_sand":"2025-06-23 18:00:38 +0900"},"done":true},"minecraft:recipes/building_blocks/white_concrete_powder":{"criteria":{"has_sand":"2025-06-23 18:00:38 +0900"},"done":true},"minecraft:recipes/building_blocks/gray_concrete_powder":{"criteria":{"has_sand":"2025-06-23 18:00:38 +0900"},"done":true},"minecraft:recipes/building_blocks/black_concrete_powder":{"criteria":{"has_sand":"2025-06-23 18:00:38 +0900"},"done":true},"minecraft:recipes/building_blocks/purple_concrete_powder":{"criteria":{"has_sand":"2025-06-23 18:00:38 +0900"},"done":true},"minecraft:recipes/building_blocks/cyan_concrete_powder":{"criteria":{"has_sand":"2025-06-23 18:00:38 +0900"},"done":true},"minecraft:recipes/building_blocks/dried_kelp_block":{"criteria":{"has_dried_kelp":"2025-06-23 18:02:48 +0900"},"done":true},"minecraft:recipes/brewing/cauldron":{"criteria":{"has_water_bucket":"2025-06-23 18:04:08 +0900"},"done":true},"minecraft:recipes/decorations/orange_bed":{"criteria":{"has_orange_wool":"2025-06-23 19:40:01 +0900"},"done":true},"minecraft:recipes/decorations/orange_banner":{"criteria":{"has_orange_wool":"2025-06-23 19:40:01 +0900"},"done":true},"minecraft:recipes/decorations/pink_bed":{"criteria":{"has_pink_wool":"2025-06-23 19:40:01 +0900"},"done":true},"minecraft:recipes/decorations/pink_carpet":{"criteria":{"has_pink_wool":"2025-06-23 19:40:01 +0900"},"done":true},"minecraft:recipes/decorations/pink_banner":{"criteria":{"has_pink_wool":"2025-06-23 19:40:01 +0900"},"done":true},"minecraft:recipes/decorations/orange_carpet":{"criteria":{"has_orange_wool":"2025-06-23 19:40:01 +0900"},"done":true},"minecraft:recipes/decorations/magenta_carpet":{"criteria":{"has_magenta_wool":"2025-06-23 19:40:02 +0900"},"done":true},"minecraft:recipes/decorations/red_carpet":{"criteria":{"has_red_wool":"2025-06-23 19:40:02 +0900"},"done":true},"minecraft:recipes/decorations/red_banner":{"criteria":{"has_red_wool":"2025-06-23 19:40:02 +0900"},"done":true},"minecraft:recipes/decorations/magenta_banner":{"criteria":{"has_magenta_wool":"2025-06-23 19:40:02 +0900"},"done":true},"minecraft:recipes/decorations/magenta_bed":{"criteria":{"has_magenta_wool":"2025-06-23 19:40:02 +0900"},"done":true},"minecraft:recipes/decorations/red_bed":{"criteria":{"has_red_wool":"2025-06-23 19:40:02 +0900"},"done":true},"minecraft:recipes/decorations/purple_bed":{"criteria":{"has_purple_wool":"2025-06-23 19:40:03 +0900"},"done":true},"minecraft:recipes/decorations/lime_carpet":{"criteria":{"has_lime_wool":"2025-06-23 19:40:03 +0900"},"done":true},"minecraft:recipes/decorations/yellow_banner":{"criteria":{"has_yellow_wool":"2025-06-23 19:40:03 +0900"},"done":true},"minecraft:recipes/decorations/yellow_bed":{"criteria":{"has_yellow_wool":"2025-06-23 19:40:03 +0900"},"done":true},"minecraft:recipes/decorations/purple_carpet":{"criteria":{"has_purple_wool":"2025-06-23 19:40:03 +0900"},"done":true},"minecraft:recipes/decorations/yellow_carpet":{"criteria":{"has_yellow_wool":"2025-06-23 19:40:03 +0900"},"done":true},"minecraft:recipes/decorations/lime_banner":{"criteria":{"has_lime_wool":"2025-06-23 19:40:03 +0900"},"done":true},"minecraft:recipes/decorations/lime_bed":{"criteria":{"has_lime_wool":"2025-06-23 19:40:03 +0900"},"done":true},"minecraft:recipes/decorations/purple_banner":{"criteria":{"has_purple_wool":"2025-06-23 19:40:03 +0900"},"done":true},"minecraft:recipes/decorations/light_blue_bed":{"criteria":{"has_light_blue_wool":"2025-06-23 19:40:04 +0900"},"done":true},"minecraft:recipes/decorations/light_blue_carpet":{"criteria":{"has_light_blue_wool":"2025-06-23 19:40:04 +0900"},"done":true},"minecraft:recipes/decorations/light_blue_banner":{"criteria":{"has_light_blue_wool":"2025-06-23 19:40:04 +0900"},"done":true},"minecraft:recipes/building_blocks/dye_red_wool":{"criteria":{"has_needed_dye":"2025-06-23 19:43:00 +0900"},"done":true},"minecraft:recipes/misc/purple_dye":{"criteria":{"has_red_dye":"2025-06-23 19:43:00 +0900"},"done":true},"minecraft:recipes/misc/orange_dye_from_red_yellow":{"criteria":{"has_red_dye":"2025-06-23 19:43:00 +0900"},"done":true},"minecraft:recipes/decorations/red_candle":{"criteria":{"has_red_dye":"2025-06-23 19:43:00 +0900"},"done":true},"minecraft:recipes/misc/magenta_dye_from_blue_red_pink":{"criteria":{"has_red_dye":"2025-06-23 19:43:00 +0900"},"done":true},"minecraft:recipes/tools/red_bundle":{"criteria":{"has_red_dye":"2025-06-23 19:43:00 +0900"},"done":true},"minecraft:recipes/decorations/red_stained_glass_pane_from_glass_pane":{"criteria":{"has_red_dye":"2025-06-23 19:43:00 +0900"},"done":true},"minecraft:recipes/misc/pink_dye_from_red_white_dye":{"criteria":{"has_red_dye":"2025-06-23 19:43:00 +0900"},"done":true},"minecraft:recipes/misc/magenta_dye_from_blue_red_white_dye":{"criteria":{"has_rose_red":"2025-06-23 19:43:00 +0900"},"done":true},"minecraft:recipes/decorations/glow_item_frame":{"criteria":{"has_glow_ink_sac":"2025-06-23 19:43:09 +0900"},"done":true},"minecraft:husbandry/make_a_sign_glow":{"criteria":{"make_a_sign_glow":"2025-06-23 19:43:10 +0900"},"done":true},"minecraft:recipes/building_blocks/dye_blue_wool":{"criteria":{"has_needed_dye":"2025-06-23 19:43:28 +0900"},"done":true},"minecraft:recipes/misc/light_blue_dye_from_blue_white_dye":{"criteria":{"has_blue_dye":"2025-06-23 19:43:28 +0900"},"done":true},"minecraft:recipes/misc/cyan_dye":{"criteria":{"has_blue_dye":"2025-06-23 19:43:28 +0900"},"done":true},"minecraft:recipes/decorations/blue_candle":{"criteria":{"has_blue_dye":"2025-06-23 19:43:28 +0900"},"done":true},"minecraft:recipes/decorations/blue_stained_glass_pane_from_glass_pane":{"criteria":{"has_blue_dye":"2025-06-23 19:43:28 +0900"},"done":true},"minecraft:recipes/tools/blue_bundle":{"criteria":{"has_blue_dye":"2025-06-23 19:43:28 +0900"},"done":true},"minecraft:adventure/sleep_in_bed":{"criteria":{"slept_in_bed":"2025-06-23 21:59:03 +0900"},"done":true},"minecraft:recipes/building_blocks/resin_bricks":{"criteria":{"has_resin_brick":"2025-06-23 22:15:17 +0900"},"done":true},"minecraft:recipes/redstone/bamboo_trapdoor":{"criteria":{"has_planks":"2025-06-25 17:42:22 +0900"},"done":true},"minecraft:recipes/redstone/bamboo_pressure_plate":{"criteria":{"has_planks":"2025-06-25 17:42:22 +0900"},"done":true},"minecraft:recipes/building_blocks/bamboo_slab":{"criteria":{"has_planks":"2025-06-25 17:42:22 +0900"},"done":true},"minecraft:recipes/redstone/bamboo_button":{"criteria":{"has_planks":"2025-06-25 17:42:22 +0900"},"done":true},"minecraft:recipes/redstone/bamboo_fence_gate":{"criteria":{"has_planks":"2025-06-25 17:42:22 +0900"},"done":true},"minecraft:recipes/building_blocks/bamboo_stairs":{"criteria":{"has_planks":"2025-06-25 17:42:22 +0900"},"done":true},"minecraft:recipes/decorations/bamboo_sign":{"criteria":{"has_planks":"2025-06-25 17:42:22 +0900"},"done":true},"minecraft:recipes/redstone/bamboo_door":{"criteria":{"has_planks":"2025-06-25 17:42:22 +0900"},"done":true},"minecraft:recipes/decorations/bamboo_fence":{"criteria":{"has_planks":"2025-06-25 17:42:22 +0900"},"done":true},"minecraft:recipes/food/dried_kelp":{"criteria":{"has_dried_kelp_block":"2025-06-25 17:43:44 +0900"},"done":true},"minecraft:recipes/building_blocks/waxed_exposed_chiseled_copper":{"criteria":{"has_waxed_exposed_cut_copper_slab":"2025-06-25 17:50:17 +0900"},"done":true},"minecraft:recipes/decorations/snow":{"criteria":{"has_snowball":"2025-06-25 17:50:51 +0900"},"done":true},"minecraft:recipes/building_blocks/snow_block":{"criteria":{"has_snowball":"2025-06-25 17:50:51 +0900"},"done":true},"minecraft:husbandry/tactical_fishing":{"criteria":{"pufferfish_bucket":"2025-06-25 18:03:23 +0900"},"done":true},"minecraft:recipes/building_blocks/sandstone_stairs":{"criteria":{"has_sandstone":"2025-06-25 18:03:40 +0900"},"done":true},"minecraft:recipes/building_blocks/sandstone_slab":{"criteria":{"has_sandstone":"2025-06-25 18:03:40 +0900"},"done":true},"minecraft:recipes/building_blocks/cut_sandstone_from_sandstone_stonecutting":{"criteria":{"has_sandstone":"2025-06-25 18:03:40 +0900"},"done":true},"minecraft:recipes/building_blocks/chiseled_sandstone_from_sandstone_stonecutting":{"criteria":{"has_sandstone":"2025-06-25 18:03:40 +0900"},"done":true},"minecraft:recipes/building_blocks/smooth_sandstone":{"criteria":{"has_sandstone":"2025-06-25 18:03:40 +0900"},"done":true},"minecraft:recipes/decorations/sandstone_wall_from_sandstone_stonecutting":{"criteria":{"has_sandstone":"2025-06-25 18:03:40 +0900"},"done":true},"minecraft:recipes/building_blocks/cut_sandstone_slab_from_sandstone_stonecutting":{"criteria":{"has_sandstone":"2025-06-25 18:03:40 +0900"},"done":true},"minecraft:recipes/building_blocks/cut_sandstone":{"criteria":{"has_sandstone":"2025-06-25 18:03:40 +0900"},"done":true},"minecraft:recipes/building_blocks/sandstone_slab_from_sandstone_stonecutting":{"criteria":{"has_sandstone":"2025-06-25 18:03:40 +0900"},"done":true},"minecraft:recipes/building_blocks/sandstone_stairs_from_sandstone_stonecutting":{"criteria":{"has_sandstone":"2025-06-25 18:03:40 +0900"},"done":true},"minecraft:recipes/decorations/sandstone_wall":{"criteria":{"has_sandstone":"2025-06-25 18:03:40 +0900"},"done":true},"minecraft:story/deflect_arrow":{"criteria":{"deflected_projectile":"2025-06-26 20:34:06 +0900"},"done":true},"minecraft:husbandry/tame_an_animal":{"criteria":{"tamed_animal":"2025-06-26 20:34:47 +0900"},"done":true},"minecraft:husbandry/whole_pack":{"criteria":{"minecraft:pale":"2025-06-26 20:34:47 +0900"},"done":false},"minecraft:recipes/misc/emerald_from_smelting_emerald_ore":{"criteria":{"has_emerald_ore":"2025-06-27 16:44:43 +0900"},"done":true},"minecraft:recipes/misc/emerald_from_blasting_emerald_ore":{"criteria":{"has_emerald_ore":"2025-06-27 16:44:43 +0900"},"done":true},"minecraft:recipes/misc/diamond_from_smelting_deepslate_diamond_ore":{"criteria":{"has_deepslate_diamond_ore":"2025-06-27 16:44:46 +0900"},"done":true},"minecraft:recipes/misc/diamond_from_blasting_deepslate_diamond_ore":{"criteria":{"has_deepslate_diamond_ore":"2025-06-27 16:44:46 +0900"},"done":true},"minecraft:recipes/misc/emerald_from_smelting_deepslate_emerald_ore":{"criteria":{"has_deepslate_emerald_ore":"2025-06-27 16:44:49 +0900"},"done":true},"minecraft:recipes/misc/emerald_from_blasting_deepslate_emerald_ore":{"criteria":{"has_deepslate_emerald_ore":"2025-06-27 16:44:49 +0900"},"done":true},"minecraft:recipes/food/suspicious_stew_from_torchflower":{"criteria":{"has_torchflower":"2025-06-27 19:10:15 +0900"},"done":true},"minecraft:recipes/misc/orange_dye_from_torchflower":{"criteria":{"has_torchflower":"2025-06-27 19:10:15 +0900"},"done":true},"minecraft:recipes/building_blocks/prismarine":{"criteria":{"has_prismarine_shard":"2025-06-27 19:10:59 +0900"},"done":true},"minecraft:recipes/building_blocks/prismarine_bricks":{"criteria":{"has_prismarine_shard":"2025-06-27 19:10:59 +0900"},"done":true},"minecraft:recipes/building_blocks/dark_prismarine":{"criteria":{"has_prismarine_shard":"2025-06-27 19:10:59 +0900"},"done":true},"minecraft:recipes/misc/yellow_dye_from_wildflowers":{"criteria":{"has_wildflowers":"2025-06-27 19:16:05 +0900"},"done":true},"minecraft:recipes/building_blocks/waxed_oxidized_copper_bulb_from_honeycomb":{"criteria":{"has_oxidized_copper_bulb":"2025-06-27 19:16:45 +0900"},"done":true},"minecraft:recipes/building_blocks/jungle_planks":{"criteria":{"has_logs":"2025-06-27 19:16:51 +0900"},"done":true},"minecraft:adventure/who_needs_rockets":{"criteria":{"who_needs_rockets":"2025-06-27 19:24:46 +0900"},"done":true},"minecraft:recipes/redstone/sticky_piston":{"criteria":{"has_slime_ball":"2025-06-27 19:26:51 +0900"},"done":true},"minecraft:recipes/redstone/slime_block":{"criteria":{"has_slime_ball":"2025-06-27 19:26:51 +0900"},"done":true},"minecraft:recipes/combat/mace":{"criteria":{"has_heavy_core":"2025-06-27 19:35:50 +0900"},"done":true},"minecraft:recipes/redstone/calibrated_sculk_sensor":{"criteria":{"has_amethyst_shard":"2025-06-27 19:51:13 +0900"},"done":true},"minecraft:recipes/building_blocks/tinted_glass":{"criteria":{"has_amethyst_shard":"2025-06-27 19:51:13 +0900"},"done":true},"minecraft:recipes/tools/spyglass":{"criteria":{"has_amethyst_shard":"2025-06-27 19:51:13 +0900"},"done":true},"minecraft:recipes/building_blocks/amethyst_block":{"criteria":{"has_amethyst_shard":"2025-06-27 19:51:13 +0900"},"done":true},"minecraft:recipes/tools/recovery_compass":{"criteria":{"has_echo_shard":"2025-06-27 19:51:27 +0900"},"done":true},"minecraft:recipes/decorations/ladder":{"criteria":{"has_stick":"2025-06-30 19:48:34 +0900"},"done":true},"minecraft:recipes/decorations/campfire":{"criteria":{"has_stick":"2025-06-30 19:48:34 +0900"},"done":true},"minecraft:recipes/tools/wooden_hoe":{"criteria":{"has_stick":"2025-06-30 19:48:34 +0900"},"done":true},"minecraft:recipes/tools/wooden_pickaxe":{"criteria":{"has_stick":"2025-06-30 19:48:34 +0900"},"done":true},"minecraft:recipes/tools/wooden_axe":{"criteria":{"has_stick":"2025-06-30 19:48:34 +0900"},"done":true},"minecraft:recipes/tools/wooden_shovel":{"criteria":{"has_stick":"2025-06-30 19:48:34 +0900"},"done":true},"minecraft:recipes/combat/wooden_sword":{"criteria":{"has_stick":"2025-06-30 19:48:34 +0900"},"done":true},"minecraft:recipes/building_blocks/blue_ice":{"criteria":{"has_packed_ice":"2025-06-30 20:05:52 +0900"},"done":true},"minecraft:recipes/combat/bow":{"criteria":{"has_string":"2025-06-30 20:13:10 +0900"},"done":true},"minecraft:recipes/tools/fishing_rod":{"criteria":{"has_string":"2025-06-30 20:13:10 +0900"},"done":true},"minecraft:recipes/building_blocks/white_wool_from_string":{"criteria":{"has_string":"2025-06-30 20:13:10 +0900"},"done":true},"minecraft:recipes/redstone/tripwire_hook":{"criteria":{"has_string":"2025-06-30 20:13:10 +0900"},"done":true},"minecraft:recipes/combat/crossbow":{"criteria":{"has_string":"2025-06-30 20:13:10 +0900"},"done":true},"minecraft:recipes/decorations/candle":{"criteria":{"has_string":"2025-06-30 20:13:10 +0900"},"done":true},"minecraft:recipes/decorations/loom":{"criteria":{"has_string":"2025-06-30 20:13:10 +0900"},"done":true},"minecraft:recipes/tools/bundle":{"criteria":{"has_string":"2025-06-30 20:13:10 +0900"},"done":true},"minecraft:recipes/decorations/red_shulker_box":{"criteria":{"has_shulker_box":"2025-06-30 21:15:50 +0900"},"done":true},"minecraft:recipes/decorations/yellow_shulker_box":{"criteria":{"has_shulker_box":"2025-06-30 21:15:50 +0900"},"done":true},"minecraft:recipes/decorations/gray_shulker_box":{"criteria":{"has_shulker_box":"2025-06-30 21:15:50 +0900"},"done":true},"minecraft:recipes/decorations/lime_shulker_box":{"criteria":{"has_shulker_box":"2025-06-30 21:15:50 +0900"},"done":true},"minecraft:recipes/decorations/purple_shulker_box":{"criteria":{"has_shulker_box":"2025-06-30 21:15:50 +0900"},"done":true},"minecraft:recipes/decorations/pink_shulker_box":{"criteria":{"has_shulker_box":"2025-06-30 21:15:50 +0900"},"done":true},"minecraft:recipes/decorations/cyan_shulker_box":{"criteria":{"has_shulker_box":"2025-06-30 21:15:50 +0900"},"done":true},"minecraft:recipes/decorations/white_shulker_box":{"criteria":{"has_shulker_box":"2025-06-30 21:15:50 +0900"},"done":true},"minecraft:recipes/decorations/green_shulker_box":{"criteria":{"has_shulker_box":"2025-06-30 21:15:50 +0900"},"done":true},"minecraft:recipes/decorations/brown_shulker_box":{"criteria":{"has_shulker_box":"2025-06-30 21:15:50 +0900"},"done":true},"minecraft:recipes/decorations/light_blue_shulker_box":{"criteria":{"has_shulker_box":"2025-06-30 21:15:50 +0900"},"done":true},"minecraft:recipes/decorations/magenta_shulker_box":{"criteria":{"has_shulker_box":"2025-06-30 21:15:50 +0900"},"done":true},"minecraft:recipes/decorations/light_gray_shulker_box":{"criteria":{"has_shulker_box":"2025-06-30 21:15:50 +0900"},"done":true},"minecraft:recipes/decorations/blue_shulker_box":{"criteria":{"has_shulker_box":"2025-06-30 21:15:50 +0900"},"done":true},"minecraft:recipes/decorations/orange_shulker_box":{"criteria":{"has_shulker_box":"2025-06-30 21:15:50 +0900"},"done":true},"minecraft:recipes/decorations/black_shulker_box":{"criteria":{"has_shulker_box":"2025-06-30 21:15:50 +0900"},"done":true},"minecraft:recipes/misc/ward_armor_trim_smithing_template_smithing_trim":{"criteria":{"has_smithing_trim_template":"2025-06-30 21:16:57 +0900"},"done":true},"minecraft:recipes/misc/ward_armor_trim_smithing_template":{"criteria":{"has_ward_armor_trim_smithing_template":"2025-06-30 21:16:57 +0900"},"done":true},"minecraft:recipes/misc/popped_chorus_fruit":{"criteria":{"has_chorus_fruit":"2025-06-30 21:24:07 +0900"},"done":true},"minecraft:recipes/building_blocks/cherry_slab":{"criteria":{"has_planks":"2025-06-30 21:32:43 +0900"},"done":true},"minecraft:recipes/redstone/cherry_fence_gate":{"criteria":{"has_planks":"2025-06-30 21:32:43 +0900"},"done":true},"minecraft:recipes/decorations/cherry_sign":{"criteria":{"has_planks":"2025-06-30 21:32:43 +0900"},"done":true},"minecraft:recipes/redstone/cherry_pressure_plate":{"criteria":{"has_planks":"2025-06-30 21:32:43 +0900"},"done":true},"minecraft:recipes/decorations/cherry_fence":{"criteria":{"has_planks":"2025-06-30 21:32:43 +0900"},"done":true},"minecraft:recipes/building_blocks/cherry_stairs":{"criteria":{"has_planks":"2025-06-30 21:32:43 +0900"},"done":true},"minecraft:recipes/redstone/cherry_trapdoor":{"criteria":{"has_planks":"2025-06-30 21:32:43 +0900"},"done":true},"minecraft:recipes/redstone/cherry_button":{"criteria":{"has_planks":"2025-06-30 21:32:43 +0900"},"done":true},"minecraft:recipes/redstone/cherry_door":{"criteria":{"has_planks":"2025-06-30 21:32:43 +0900"},"done":true},"minecraft:recipes/building_blocks/oak_planks":{"criteria":{"has_logs":"2025-07-01 00:24:40 +0900"},"done":true},"minecraft:adventure/shoot_arrow":{"criteria":{"shot_arrow":"2025-07-01 19:59:41 +0900"},"done":true},"minecraft:recipes/food/honey_bottle":{"criteria":{"has_honey_block":"2025-07-01 22:21:05 +0900"},"done":true},"DataVersion":4325}