{"minecraft:recipes/decorations/crafting_table":{"criteria":{"unlock_right_away":"2025-06-23 16:47:31 +0900"},"done":true},"minecraft:adventure/adventuring_time":{"criteria":{"minecraft:plains":"2025-06-23 16:47:32 +0900"},"done":false},"minecraft:recipes/food/cake":{"criteria":{"has_egg":"2025-06-23 16:48:18 +0900"},"done":true},"minecraft:recipes/redstone/redstone":{"criteria":{"has_redstone_block":"2025-06-23 16:50:15 +0900"},"done":true},"minecraft:recipes/transportation/dark_oak_chest_boat":{"criteria":{"has_boat":"2025-06-23 16:50:17 +0900"},"done":true},"minecraft:recipes/transportation/bamboo_chest_raft":{"criteria":{"has_boat":"2025-06-23 16:50:17 +0900"},"done":true},"minecraft:recipes/transportation/spruce_chest_boat":{"criteria":{"has_boat":"2025-06-23 16:50:17 +0900"},"done":true},"minecraft:recipes/transportation/pale_oak_chest_boat":{"criteria":{"has_boat":"2025-06-23 16:50:17 +0900"},"done":true},"minecraft:recipes/decorations/chest":{"criteria":{"has_lots_of_items":"2025-06-23 16:50:17 +0900"},"done":true},"minecraft:recipes/transportation/jungle_chest_boat":{"criteria":{"has_boat":"2025-06-23 16:50:17 +0900"},"done":true},"minecraft:recipes/transportation/acacia_chest_boat":{"criteria":{"has_boat":"2025-06-23 16:50:17 +0900"},"done":true},"minecraft:recipes/transportation/mangrove_chest_boat":{"criteria":{"has_boat":"2025-06-23 16:50:17 +0900"},"done":true},"minecraft:recipes/transportation/oak_chest_boat":{"criteria":{"has_boat":"2025-06-23 16:50:17 +0900"},"done":true},"minecraft:recipes/transportation/cherry_chest_boat":{"criteria":{"has_boat":"2025-06-23 16:50:17 +0900"},"done":true},"minecraft:recipes/transportation/birch_chest_boat":{"criteria":{"has_boat":"2025-06-23 16:50:17 +0900"},"done":true},"minecraft:recipes/transportation/mangrove_boat":{"criteria":{"in_water":"2025-06-23 16:50:42 +0900"},"done":true},"minecraft:recipes/transportation/acacia_boat":{"criteria":{"in_water":"2025-06-23 16:50:42 +0900"},"done":true},"minecraft:recipes/transportation/cherry_boat":{"criteria":{"in_water":"2025-06-23 16:50:42 +0900"},"done":true},"minecraft:recipes/transportation/pale_oak_boat":{"criteria":{"in_water":"2025-06-23 16:50:42 +0900"},"done":true},"minecraft:recipes/transportation/bamboo_raft":{"criteria":{"in_water":"2025-06-23 16:50:42 +0900"},"done":true},"minecraft:recipes/transportation/spruce_boat":{"criteria":{"in_water":"2025-06-23 16:50:42 +0900"},"done":true},"minecraft:recipes/transportation/birch_boat":{"criteria":{"in_water":"2025-06-23 16:50:42 +0900"},"done":true},"minecraft:recipes/transportation/oak_boat":{"criteria":{"in_water":"2025-06-23 16:50:42 +0900"},"done":true},"minecraft:recipes/transportation/jungle_boat":{"criteria":{"in_water":"2025-06-23 16:50:42 +0900"},"done":true},"minecraft:recipes/transportation/dark_oak_boat":{"criteria":{"in_water":"2025-06-23 16:50:42 +0900"},"done":true},"minecraft:recipes/tools/flint_and_steel":{"criteria":{"has_obsidian":"2025-06-23 16:50:52 +0900"},"done":true},"minecraft:story/form_obsidian":{"criteria":{"obsidian":"2025-06-23 16:50:52 +0900"},"done":true},"minecraft:recipes/decorations/enchanting_table":{"criteria":{"has_obsidian":"2025-06-23 16:50:52 +0900"},"done":true},"minecraft:recipes/misc/iron_nugget_from_smelting":{"criteria":{"has_iron_axe":"2025-06-23 16:51:11 +0900"},"done":true},"minecraft:recipes/misc/iron_nugget_from_blasting":{"criteria":{"has_iron_axe":"2025-06-23 16:51:11 +0900"},"done":true},"minecraft:husbandry/obtain_netherite_hoe":{"criteria":{"netherite_hoe":"2025-06-23 16:51:41 +0900"},"done":true},"minecraft:adventure/root":{"criteria":{"killed_by_something":"2025-06-23 16:51:47 +0900"},"done":true},"minecraft:recipes/misc/wind_charge":{"criteria":{"has_breeze_rod":"2025-06-23 16:53:21 +0900"},"done":true},"minecraft:recipes/combat/mace":{"criteria":{"has_breeze_rod":"2025-06-23 16:53:21 +0900"},"done":true},"minecraft:recipes/decorations/blue_bed":{"criteria":{"has_blue_wool":"2025-06-23 16:54:06 +0900"},"done":true},"minecraft:recipes/decorations/painting":{"criteria":{"has_wool":"2025-06-23 16:54:06 +0900"},"done":true},"minecraft:recipes/decorations/blue_carpet":{"criteria":{"has_blue_wool":"2025-06-23 16:54:06 +0900"},"done":true},"minecraft:recipes/decorations/blue_banner":{"criteria":{"has_blue_wool":"2025-06-23 16:54:06 +0900"},"done":true},"minecraft:recipes/brewing/cauldron":{"criteria":{"has_water_bucket":"2025-06-23 16:54:34 +0900"},"done":true},"minecraft:end/elytra":{"criteria":{"elytra":"2025-06-23 16:54:56 +0900"},"done":true},"minecraft:recipes/decorations/light_gray_bed":{"criteria":{"has_light_gray_wool":"2025-06-23 16:55:10 +0900"},"done":true},"minecraft:recipes/decorations/light_gray_banner":{"criteria":{"has_light_gray_wool":"2025-06-23 16:55:10 +0900"},"done":true},"minecraft:recipes/decorations/light_gray_carpet":{"criteria":{"has_light_gray_wool":"2025-06-23 16:55:10 +0900"},"done":true},"minecraft:recipes/food/suspicious_stew_from_wither_rose":{"criteria":{"has_wither_rose":"2025-06-23 16:55:59 +0900"},"done":true},"minecraft:recipes/misc/black_dye_from_wither_rose":{"criteria":{"has_wither_rose":"2025-06-23 16:55:59 +0900"},"done":true},"minecraft:recipes/misc/orange_dye_from_open_eyeblossom":{"criteria":{"has_open_eyeblossom":"2025-06-23 16:56:01 +0900"},"done":true},"minecraft:recipes/food/suspicious_stew_from_open_eyeblossom":{"criteria":{"has_open_eyeblossom":"2025-06-23 16:56:01 +0900"},"done":true},"minecraft:recipes/redstone/acacia_button":{"criteria":{"has_planks":"2025-06-23 16:56:36 +0900"},"done":true},"minecraft:recipes/redstone/acacia_pressure_plate":{"criteria":{"has_planks":"2025-06-23 16:56:36 +0900"},"done":true},"minecraft:recipes/decorations/acacia_sign":{"criteria":{"has_planks":"2025-06-23 16:56:36 +0900"},"done":true},"minecraft:recipes/building_blocks/acacia_slab":{"criteria":{"has_planks":"2025-06-23 16:56:36 +0900"},"done":true},"minecraft:recipes/redstone/acacia_trapdoor":{"criteria":{"has_planks":"2025-06-23 16:56:36 +0900"},"done":true},"minecraft:recipes/misc/stick":{"criteria":{"has_planks":"2025-06-23 16:56:36 +0900"},"done":true},"minecraft:recipes/decorations/acacia_fence":{"criteria":{"has_planks":"2025-06-23 16:56:36 +0900"},"done":true},"minecraft:recipes/decorations/barrel":{"criteria":{"has_planks":"2025-06-23 16:56:36 +0900"},"done":true},"minecraft:recipes/building_blocks/acacia_stairs":{"criteria":{"has_planks":"2025-06-23 16:56:36 +0900"},"done":true},"minecraft:recipes/redstone/acacia_door":{"criteria":{"has_planks":"2025-06-23 16:56:36 +0900"},"done":true},"minecraft:recipes/redstone/acacia_fence_gate":{"criteria":{"has_planks":"2025-06-23 16:56:36 +0900"},"done":true},"minecraft:recipes/misc/gray_dye_from_closed_eyeblossom":{"criteria":{"has_closed_eyeblossom":"2025-06-23 16:57:04 +0900"},"done":true},"minecraft:recipes/food/suspicious_stew_from_closed_eyeblossom":{"criteria":{"has_closed_eyeblossom":"2025-06-23 16:57:04 +0900"},"done":true},"minecraft:recipes/misc/pink_dye_from_cactus_flower":{"criteria":{"has_cactus_flower":"2025-06-23 16:57:09 +0900"},"done":true},"minecraft:recipes/misc/pink_dye_from_pink_petals":{"criteria":{"has_pink_petals":"2025-06-23 16:57:11 +0900"},"done":true},"minecraft:recipes/misc/yellow_dye_from_wildflowers":{"criteria":{"has_wildflowers":"2025-06-23 16:57:13 +0900"},"done":true},"minecraft:recipes/misc/mojang_banner_pattern":{"criteria":{"has_enchanted_golden_apple":"2025-06-23 16:57:26 +0900"},"done":true},"minecraft:recipes/decorations/pale_moss_carpet":{"criteria":{"has_pale_moss_block":"2025-06-23 17:04:05 +0900"},"done":true},"minecraft:recipes/misc/resin_clump":{"criteria":{"has_resin_block":"2025-06-23 17:06:17 +0900"},"done":true},"minecraft:recipes/misc/creaking_heart":{"criteria":{"has_resin_block":"2025-06-23 17:06:17 +0900"},"done":true},"minecraft:recipes/redstone/dispenser":{"criteria":{"has_bow":"2025-06-23 17:07:10 +0900"},"done":true},"minecraft:recipes/decorations/resin_brick_wall":{"criteria":{"has_resin_bricks":"2025-06-23 17:07:13 +0900"},"done":true},"minecraft:recipes/decorations/resin_brick_wall_from_resin_bricks_stonecutting":{"criteria":{"has_resin_bricks":"2025-06-23 17:07:13 +0900"},"done":true},"minecraft:recipes/building_blocks/resin_brick_stairs_from_resin_bricks_stonecutting":{"criteria":{"has_resin_bricks":"2025-06-23 17:07:13 +0900"},"done":true},"minecraft:recipes/building_blocks/chiseled_resin_bricks_from_resin_bricks_stonecutting":{"criteria":{"has_resin_bricks":"2025-06-23 17:07:13 +0900"},"done":true},"minecraft:recipes/building_blocks/resin_brick_slab_from_resin_bricks_stonecutting":{"criteria":{"has_resin_bricks":"2025-06-23 17:07:13 +0900"},"done":true},"minecraft:recipes/building_blocks/resin_brick_stairs":{"criteria":{"has_resin_bricks":"2025-06-23 17:07:13 +0900"},"done":true},"minecraft:recipes/building_blocks/resin_brick_slab":{"criteria":{"has_resin_bricks":"2025-06-23 17:07:13 +0900"},"done":true},"minecraft:recipes/building_blocks/chiseled_resin_bricks":{"criteria":{"has_resin_brick_slab":"2025-06-23 17:07:16 +0900"},"done":true},"minecraft:recipes/building_blocks/resin_bricks":{"criteria":{"has_resin_brick":"2025-06-23 17:07:20 +0900"},"done":true},"minecraft:recipes/building_blocks/resin_block":{"criteria":{"has_resin_clump":"2025-06-23 17:07:21 +0900"},"done":true},"minecraft:recipes/misc/resin_brick":{"criteria":{"has_resin_clump":"2025-06-23 17:07:21 +0900"},"done":true},"minecraft:recipes/building_blocks/dye_brown_bed":{"criteria":{"has_needed_dye":"2025-06-23 17:07:40 +0900"},"done":true},"minecraft:recipes/tools/brown_bundle":{"criteria":{"has_brown_dye":"2025-06-23 17:07:40 +0900"},"done":true},"minecraft:recipes/building_blocks/dye_brown_carpet":{"criteria":{"has_needed_dye":"2025-06-23 17:07:40 +0900"},"done":true},"minecraft:recipes/decorations/brown_stained_glass_pane_from_glass_pane":{"criteria":{"has_brown_dye":"2025-06-23 17:07:40 +0900"},"done":true},"minecraft:recipes/decorations/brown_candle":{"criteria":{"has_brown_dye":"2025-06-23 17:07:40 +0900"},"done":true},"minecraft:recipes/building_blocks/dye_brown_wool":{"criteria":{"has_needed_dye":"2025-06-23 17:07:40 +0900"},"done":true},"minecraft:recipes/decorations/glow_item_frame":{"criteria":{"has_item_frame":"2025-06-23 17:08:04 +0900"},"done":true},"minecraft:recipes/building_blocks/waxed_copper_grate":{"criteria":{"has_waxed_copper_block":"2025-06-23 17:08:55 +0900"},"done":true},"minecraft:recipes/building_blocks/waxed_cut_copper_from_waxed_copper_block_stonecutting":{"criteria":{"has_waxed_copper_block":"2025-06-23 17:08:55 +0900"},"done":true},"minecraft:recipes/building_blocks/waxed_chiseled_copper_from_waxed_copper_block_stonecutting":{"criteria":{"has_waxed_copper_block":"2025-06-23 17:08:55 +0900"},"done":true},"minecraft:recipes/redstone/waxed_copper_bulb":{"criteria":{"has_waxed_copper_block":"2025-06-23 17:08:55 +0900"},"done":true},"minecraft:recipes/building_blocks/waxed_cut_copper":{"criteria":{"has_waxed_copper_block":"2025-06-23 17:08:55 +0900"},"done":true},"minecraft:recipes/building_blocks/waxed_cut_copper_stairs_from_waxed_copper_block_stonecutting":{"criteria":{"has_waxed_copper_block":"2025-06-23 17:08:55 +0900"},"done":true},"minecraft:recipes/misc/copper_ingot_from_waxed_copper_block":{"criteria":{"has_waxed_copper_block":"2025-06-23 17:08:55 +0900"},"done":true},"minecraft:recipes/building_blocks/waxed_copper_grate_from_waxed_copper_block_stonecutting":{"criteria":{"has_waxed_copper_block":"2025-06-23 17:08:55 +0900"},"done":true},"minecraft:recipes/building_blocks/waxed_cut_copper_slab_from_waxed_copper_block_stonecutting":{"criteria":{"has_waxed_copper_block":"2025-06-23 17:08:55 +0900"},"done":true},"minecraft:recipes/building_blocks/andesite_stairs_from_andesite_stonecutting":{"criteria":{"has_andesite":"2025-06-23 17:09:25 +0900"},"done":true},"minecraft:recipes/building_blocks/andesite_stairs":{"criteria":{"has_andesite":"2025-06-23 17:09:25 +0900"},"done":true},"minecraft:recipes/building_blocks/polished_andesite_from_andesite_stonecutting":{"criteria":{"has_andesite":"2025-06-23 17:09:25 +0900"},"done":true},"minecraft:recipes/building_blocks/polished_andesite":{"criteria":{"has_andesite":"2025-06-23 17:09:25 +0900"},"done":true},"minecraft:recipes/decorations/andesite_wall_from_andesite_stonecutting":{"criteria":{"has_andesite":"2025-06-23 17:09:25 +0900"},"done":true},"minecraft:recipes/building_blocks/polished_andesite_slab_from_andesite_stonecutting":{"criteria":{"has_andesite":"2025-06-23 17:09:25 +0900"},"done":true},"minecraft:recipes/decorations/andesite_wall":{"criteria":{"has_andesite":"2025-06-23 17:09:25 +0900"},"done":true},"minecraft:recipes/building_blocks/andesite_slab":{"criteria":{"has_andesite":"2025-06-23 17:09:25 +0900"},"done":true},"minecraft:recipes/building_blocks/polished_andesite_stairs_from_andesite_stonecutting":{"criteria":{"has_andesite":"2025-06-23 17:09:25 +0900"},"done":true},"minecraft:recipes/building_blocks/andesite_slab_from_andesite_stonecutting":{"criteria":{"has_andesite":"2025-06-23 17:09:25 +0900"},"done":true},"minecraft:recipes/misc/slime_ball":{"criteria":{"has_slime_block":"2025-06-23 17:09:40 +0900"},"done":true},"minecraft:recipes/misc/charcoal":{"criteria":{"has_log":"2025-06-23 17:12:25 +0900"},"done":true},"minecraft:recipes/building_blocks/pale_oak_planks":{"criteria":{"has_log":"2025-06-23 17:12:25 +0900"},"done":true},"minecraft:recipes/building_blocks/pale_oak_wood":{"criteria":{"has_log":"2025-06-23 17:12:25 +0900"},"done":true},"minecraft:adventure/avoid_vibration":{"criteria":{"avoid_vibration":"2025-06-23 17:12:52 +0900"},"done":true},"minecraft:story/root":{"criteria":{"crafting_table":"2025-06-23 17:13:55 +0900"},"done":true},"minecraft:recipes/misc/gold_nugget_from_smelting":{"criteria":{"has_golden_boots":"2025-06-23 17:14:50 +0900"},"done":true},"minecraft:recipes/misc/gold_nugget_from_blasting":{"criteria":{"has_golden_boots":"2025-06-23 17:14:50 +0900"},"done":true},"minecraft:recipes/building_blocks/stripped_pale_oak_wood":{"criteria":{"has_log":"2025-06-23 17:18:21 +0900"},"done":true},"minecraft:recipes/decorations/pale_oak_hanging_sign":{"criteria":{"has_stripped_logs":"2025-06-23 17:18:21 +0900"},"done":true},"minecraft:husbandry/root":{"criteria":{"consumed_item":"2025-06-23 17:18:58 +0900"},"done":true},"minecraft:recipes/building_blocks/dripstone_block":{"criteria":{"has_pointed_dripstone":"2025-06-23 17:26:58 +0900"},"done":true},"minecraft:recipes/building_blocks/dried_kelp_block":{"criteria":{"has_dried_kelp":"2025-06-23 17:27:07 +0900"},"done":true},"minecraft:recipes/decorations/composter":{"criteria":{"has_wood_slab":"2025-06-23 17:27:54 +0900"},"done":true},"minecraft:recipes/building_blocks/pale_oak_slab":{"criteria":{"has_planks":"2025-06-23 17:27:57 +0900"},"done":true},"minecraft:recipes/redstone/pale_oak_door":{"criteria":{"has_planks":"2025-06-23 17:27:57 +0900"},"done":true},"minecraft:recipes/redstone/pale_oak_trapdoor":{"criteria":{"has_planks":"2025-06-23 17:27:57 +0900"},"done":true},"minecraft:recipes/redstone/pale_oak_button":{"criteria":{"has_planks":"2025-06-23 17:27:57 +0900"},"done":true},"minecraft:recipes/redstone/pale_oak_fence_gate":{"criteria":{"has_planks":"2025-06-23 17:27:57 +0900"},"done":true},"minecraft:recipes/decorations/pale_oak_fence":{"criteria":{"has_planks":"2025-06-23 17:27:57 +0900"},"done":true},"minecraft:recipes/building_blocks/pale_oak_stairs":{"criteria":{"has_planks":"2025-06-23 17:27:57 +0900"},"done":true},"minecraft:recipes/redstone/pale_oak_pressure_plate":{"criteria":{"has_planks":"2025-06-23 17:27:57 +0900"},"done":true},"minecraft:recipes/decorations/pale_oak_sign":{"criteria":{"has_planks":"2025-06-23 17:27:57 +0900"},"done":true},"minecraft:recipes/misc/emerald":{"criteria":{"has_emerald_block":"2025-06-23 17:28:23 +0900"},"done":true},"minecraft:adventure/who_needs_rockets":{"criteria":{"who_needs_rockets":"2025-06-23 17:29:31 +0900"},"done":true},"minecraft:story/shiny_gear":{"criteria":{"diamond_chestplate":"2025-06-23 17:29:33 +0900"},"done":true},"minecraft:recipes/misc/bone_meal":{"criteria":{"has_bone":"2025-06-23 17:30:58 +0900"},"done":true},"minecraft:adventure/kill_all_mobs":{"criteria":{"minecraft:creaking":"2025-06-27 18:42:24 +0900","minecraft:creeper":"2025-06-23 17:37:10 +0900","minecraft:slime":"2025-06-27 19:26:33 +0900"},"done":false},"minecraft:adventure/kill_a_mob":{"criteria":{"minecraft:creeper":"2025-06-23 17:37:10 +0900"},"done":true},"minecraft:husbandry/tame_an_animal":{"criteria":{"tamed_animal":"2025-06-23 17:43:25 +0900"},"done":true},"minecraft:husbandry/whole_pack":{"criteria":{"minecraft:pale":"2025-06-23 17:43:25 +0900"},"done":false},"minecraft:adventure/throw_trident":{"criteria":{"shot_trident":"2025-06-23 17:46:41 +0900"},"done":true},"minecraft:recipes/misc/firework_rocket_simple":{"criteria":{"has_gunpowder":"2025-06-23 17:47:57 +0900"},"done":true},"minecraft:recipes/redstone/tnt":{"criteria":{"has_gunpowder":"2025-06-23 17:47:57 +0900"},"done":true},"minecraft:adventure/sleep_in_bed":{"criteria":{"slept_in_bed":"2025-06-23 17:49:51 +0900"},"done":true},"minecraft:recipes/misc/leaf_litter":{"criteria":{"has_leaves":"2025-06-23 17:54:48 +0900"},"done":true},"minecraft:recipes/building_blocks/lime_concrete_powder":{"criteria":{"has_sand":"2025-06-23 17:55:58 +0900"},"done":true},"minecraft:recipes/building_blocks/light_gray_concrete_powder":{"criteria":{"has_sand":"2025-06-23 17:55:58 +0900"},"done":true},"minecraft:recipes/building_blocks/pink_concrete_powder":{"criteria":{"has_sand":"2025-06-23 17:55:58 +0900"},"done":true},"minecraft:recipes/building_blocks/orange_concrete_powder":{"criteria":{"has_sand":"2025-06-23 17:55:58 +0900"},"done":true},"minecraft:recipes/building_blocks/red_concrete_powder":{"criteria":{"has_sand":"2025-06-23 17:55:58 +0900"},"done":true},"minecraft:recipes/building_blocks/magenta_concrete_powder":{"criteria":{"has_sand":"2025-06-23 17:55:58 +0900"},"done":true},"minecraft:recipes/building_blocks/brown_concrete_powder":{"criteria":{"has_sand":"2025-06-23 17:55:58 +0900"},"done":true},"minecraft:recipes/building_blocks/light_blue_concrete_powder":{"criteria":{"has_sand":"2025-06-23 17:55:58 +0900"},"done":true},"minecraft:recipes/building_blocks/glass":{"criteria":{"has_smelts_to_glass":"2025-06-23 17:55:58 +0900"},"done":true},"minecraft:recipes/building_blocks/green_concrete_powder":{"criteria":{"has_sand":"2025-06-23 17:55:58 +0900"},"done":true},"minecraft:recipes/building_blocks/blue_concrete_powder":{"criteria":{"has_sand":"2025-06-23 17:55:58 +0900"},"done":true},"minecraft:recipes/building_blocks/yellow_concrete_powder":{"criteria":{"has_sand":"2025-06-23 17:55:58 +0900"},"done":true},"minecraft:recipes/building_blocks/sandstone":{"criteria":{"has_sand":"2025-06-23 17:55:58 +0900"},"done":true},"minecraft:recipes/building_blocks/white_concrete_powder":{"criteria":{"has_sand":"2025-06-23 17:55:58 +0900"},"done":true},"minecraft:recipes/building_blocks/gray_concrete_powder":{"criteria":{"has_sand":"2025-06-23 17:55:58 +0900"},"done":true},"minecraft:recipes/building_blocks/black_concrete_powder":{"criteria":{"has_sand":"2025-06-23 17:55:58 +0900"},"done":true},"minecraft:recipes/building_blocks/purple_concrete_powder":{"criteria":{"has_sand":"2025-06-23 17:55:58 +0900"},"done":true},"minecraft:recipes/building_blocks/cyan_concrete_powder":{"criteria":{"has_sand":"2025-06-23 17:55:58 +0900"},"done":true},"minecraft:recipes/misc/music_disc_5":{"criteria":{"has_disc_fragment_5":"2025-06-23 17:56:48 +0900"},"done":true},"minecraft:recipes/decorations/campfire":{"criteria":{"has_coal":"2025-06-23 17:59:34 +0900"},"done":true},"minecraft:husbandry/balanced_diet":{"criteria":{"enchanted_golden_apple":"2025-06-23 18:05:36 +0900","dried_kelp":"2025-06-27 18:28:57 +0900"},"done":false},"minecraft:recipes/decorations/ladder":{"criteria":{"has_stick":"2025-06-23 18:06:34 +0900"},"done":true},"minecraft:recipes/tools/wooden_hoe":{"criteria":{"has_stick":"2025-06-23 18:06:34 +0900"},"done":true},"minecraft:recipes/tools/wooden_pickaxe":{"criteria":{"has_stick":"2025-06-23 18:06:34 +0900"},"done":true},"minecraft:recipes/tools/wooden_axe":{"criteria":{"has_stick":"2025-06-23 18:06:34 +0900"},"done":true},"minecraft:recipes/tools/wooden_shovel":{"criteria":{"has_stick":"2025-06-23 18:06:34 +0900"},"done":true},"minecraft:recipes/combat/wooden_sword":{"criteria":{"has_stick":"2025-06-23 18:06:34 +0900"},"done":true},"minecraft:recipes/food/dried_kelp":{"criteria":{"has_dried_kelp_block":"2025-06-23 18:11:19 +0900"},"done":true},"minecraft:recipes/redstone/bamboo_trapdoor":{"criteria":{"has_planks":"2025-06-27 18:26:39 +0900"},"done":true},"minecraft:recipes/redstone/bamboo_pressure_plate":{"criteria":{"has_planks":"2025-06-27 18:26:39 +0900"},"done":true},"minecraft:recipes/building_blocks/bamboo_slab":{"criteria":{"has_planks":"2025-06-27 18:26:39 +0900"},"done":true},"minecraft:recipes/redstone/bamboo_button":{"criteria":{"has_planks":"2025-06-27 18:26:39 +0900"},"done":true},"minecraft:recipes/redstone/bamboo_fence_gate":{"criteria":{"has_planks":"2025-06-27 18:26:39 +0900"},"done":true},"minecraft:recipes/building_blocks/bamboo_stairs":{"criteria":{"has_planks":"2025-06-27 18:26:39 +0900"},"done":true},"minecraft:recipes/decorations/bamboo_sign":{"criteria":{"has_planks":"2025-06-27 18:26:39 +0900"},"done":true},"minecraft:recipes/redstone/bamboo_door":{"criteria":{"has_planks":"2025-06-27 18:26:39 +0900"},"done":true},"minecraft:recipes/decorations/bamboo_fence":{"criteria":{"has_planks":"2025-06-27 18:26:39 +0900"},"done":true},"minecraft:recipes/building_blocks/waxed_exposed_chiseled_copper":{"criteria":{"has_waxed_exposed_cut_copper_slab":"2025-06-27 18:26:59 +0900"},"done":true},"minecraft:adventure/shoot_arrow":{"criteria":{"shot_arrow":"2025-06-27 18:30:10 +0900"},"done":true},"minecraft:recipes/decorations/pink_bed":{"criteria":{"has_pink_wool":"2025-06-27 18:30:39 +0900"},"done":true},"minecraft:recipes/decorations/pink_carpet":{"criteria":{"has_pink_wool":"2025-06-27 18:30:39 +0900"},"done":true},"minecraft:recipes/decorations/pink_banner":{"criteria":{"has_pink_wool":"2025-06-27 18:30:39 +0900"},"done":true},"minecraft:recipes/misc/emerald_from_smelting_emerald_ore":{"criteria":{"has_emerald_ore":"2025-06-27 18:35:04 +0900"},"done":true},"minecraft:recipes/misc/emerald_from_blasting_emerald_ore":{"criteria":{"has_emerald_ore":"2025-06-27 18:35:04 +0900"},"done":true},"minecraft:recipes/food/suspicious_stew_from_torchflower":{"criteria":{"has_torchflower":"2025-06-27 19:10:08 +0900"},"done":true},"minecraft:recipes/building_blocks/prismarine":{"criteria":{"has_prismarine_shard":"2025-06-27 19:18:34 +0900"},"done":true},"minecraft:recipes/misc/orange_dye_from_torchflower":{"criteria":{"has_torchflower":"2025-06-27 19:10:08 +0900"},"done":true},"minecraft:recipes/building_blocks/prismarine_bricks":{"criteria":{"has_prismarine_shard":"2025-06-27 19:18:34 +0900"},"done":true},"minecraft:recipes/building_blocks/dark_prismarine":{"criteria":{"has_prismarine_shard":"2025-06-27 19:18:34 +0900"},"done":true},"minecraft:recipes/building_blocks/waxed_oxidized_copper_bulb_from_honeycomb":{"criteria":{"has_oxidized_copper_bulb":"2025-06-27 19:23:29 +0900"},"done":true},"DataVersion":4325}