{"minecraft:recipes/decorations/crafting_table":{"criteria":{"unlock_right_away":"2025-06-30 19:32:02 +0900"},"done":true},"minecraft:adventure/adventuring_time":{"criteria":{"minecraft:plains":"2025-06-30 19:32:03 +0900"},"done":false},"minecraft:recipes/redstone/dispenser":{"criteria":{"has_bow":"2025-06-30 19:36:02 +0900"},"done":true},"minecraft:recipes/decorations/painting":{"criteria":{"has_wool":"2025-06-30 19:36:32 +0900"},"done":true},"minecraft:recipes/decorations/pink_bed":{"criteria":{"has_pink_wool":"2025-06-30 19:36:32 +0900"},"done":true},"minecraft:recipes/decorations/pink_carpet":{"criteria":{"has_pink_wool":"2025-06-30 19:36:32 +0900"},"done":true},"minecraft:recipes/decorations/pink_banner":{"criteria":{"has_pink_wool":"2025-06-30 19:36:32 +0900"},"done":true},"minecraft:recipes/decorations/chest":{"criteria":{"has_lots_of_items":"2025-06-30 19:37:07 +0900"},"done":true},"minecraft:recipes/building_blocks/waxed_oxidized_copper_bulb_from_honeycomb":{"criteria":{"has_oxidized_copper_bulb":"2025-06-30 19:37:17 +0900"},"done":true},"minecraft:recipes/misc/resin_clump":{"criteria":{"has_resin_block":"2025-06-30 19:37:22 +0900"},"done":true},"minecraft:recipes/misc/creaking_heart":{"criteria":{"has_resin_block":"2025-06-30 19:37:22 +0900"},"done":true},"minecraft:adventure/avoid_vibration":{"criteria":{"avoid_vibration":"2025-06-30 19:37:27 +0900"},"done":true},"minecraft:adventure/root":{"criteria":{"killed_something":"2025-06-30 19:37:48 +0900"},"done":true},"minecraft:recipes/misc/mojang_banner_pattern":{"criteria":{"has_enchanted_golden_apple":"2025-06-30 19:38:07 +0900"},"done":true},"minecraft:recipes/misc/music_disc_5":{"criteria":{"has_disc_fragment_5":"2025-06-30 19:38:12 +0900"},"done":true},"minecraft:recipes/misc/bone_meal":{"criteria":{"has_bone":"2025-06-30 19:38:27 +0900"},"done":true},"minecraft:recipes/transportation/mangrove_boat":{"criteria":{"in_water":"2025-06-30 19:38:30 +0900"},"done":true},"minecraft:recipes/transportation/acacia_boat":{"criteria":{"in_water":"2025-06-30 19:38:30 +0900"},"done":true},"minecraft:recipes/transportation/cherry_boat":{"criteria":{"in_water":"2025-06-30 19:38:30 +0900"},"done":true},"minecraft:recipes/transportation/pale_oak_boat":{"criteria":{"in_water":"2025-06-30 19:38:30 +0900"},"done":true},"minecraft:recipes/transportation/bamboo_raft":{"criteria":{"in_water":"2025-06-30 19:38:30 +0900"},"done":true},"minecraft:recipes/transportation/spruce_boat":{"criteria":{"in_water":"2025-06-30 19:38:30 +0900"},"done":true},"minecraft:recipes/transportation/birch_boat":{"criteria":{"in_water":"2025-06-30 19:38:30 +0900"},"done":true},"minecraft:recipes/transportation/oak_boat":{"criteria":{"in_water":"2025-06-30 19:38:30 +0900"},"done":true},"minecraft:recipes/transportation/jungle_boat":{"criteria":{"in_water":"2025-06-30 19:38:30 +0900"},"done":true},"minecraft:recipes/transportation/dark_oak_boat":{"criteria":{"in_water":"2025-06-30 19:38:30 +0900"},"done":true},"minecraft:recipes/misc/gold_nugget_from_smelting":{"criteria":{"has_golden_chestplate":"2025-06-30 19:38:32 +0900"},"done":true},"minecraft:recipes/misc/gold_nugget_from_blasting":{"criteria":{"has_golden_chestplate":"2025-06-30 19:38:32 +0900"},"done":true},"minecraft:recipes/misc/slime_ball":{"criteria":{"has_slime_block":"2025-06-30 19:38:37 +0900"},"done":true},"minecraft:recipes/tools/recovery_compass":{"criteria":{"has_echo_shard":"2025-06-30 19:39:07 +0900"},"done":true},"minecraft:recipes/building_blocks/resin_block":{"criteria":{"has_resin_clump":"2025-06-30 19:42:56 +0900"},"done":true},"minecraft:recipes/misc/resin_brick":{"criteria":{"has_resin_clump":"2025-06-30 19:42:56 +0900"},"done":true},"minecraft:recipes/transportation/dark_oak_chest_boat":{"criteria":{"has_boat":"2025-06-30 19:43:40 +0900"},"done":true},"minecraft:recipes/transportation/bamboo_chest_raft":{"criteria":{"has_boat":"2025-06-30 19:43:40 +0900"},"done":true},"minecraft:recipes/transportation/spruce_chest_boat":{"criteria":{"has_boat":"2025-06-30 19:43:40 +0900"},"done":true},"minecraft:recipes/transportation/pale_oak_chest_boat":{"criteria":{"has_boat":"2025-06-30 19:43:40 +0900"},"done":true},"minecraft:recipes/transportation/jungle_chest_boat":{"criteria":{"has_boat":"2025-06-30 19:43:40 +0900"},"done":true},"minecraft:recipes/transportation/acacia_chest_boat":{"criteria":{"has_boat":"2025-06-30 19:43:40 +0900"},"done":true},"minecraft:recipes/transportation/mangrove_chest_boat":{"criteria":{"has_boat":"2025-06-30 19:43:40 +0900"},"done":true},"minecraft:recipes/transportation/oak_chest_boat":{"criteria":{"has_boat":"2025-06-30 19:43:40 +0900"},"done":true},"minecraft:recipes/transportation/cherry_chest_boat":{"criteria":{"has_boat":"2025-06-30 19:43:40 +0900"},"done":true},"minecraft:recipes/transportation/birch_chest_boat":{"criteria":{"has_boat":"2025-06-30 19:43:40 +0900"},"done":true},"minecraft:recipes/misc/iron_nugget_from_smelting":{"criteria":{"has_chainmail_leggings":"2025-06-30 19:44:55 +0900"},"done":true},"minecraft:recipes/misc/iron_nugget_from_blasting":{"criteria":{"has_chainmail_leggings":"2025-06-30 19:44:55 +0900"},"done":true},"minecraft:recipes/brewing/cauldron":{"criteria":{"has_water_bucket":"2025-06-30 19:46:17 +0900"},"done":true},"minecraft:recipes/building_blocks/dye_brown_bed":{"criteria":{"has_needed_dye":"2025-06-30 19:47:10 +0900"},"done":true},"minecraft:recipes/tools/brown_bundle":{"criteria":{"has_brown_dye":"2025-06-30 19:47:10 +0900"},"done":true},"minecraft:recipes/building_blocks/dye_brown_carpet":{"criteria":{"has_needed_dye":"2025-06-30 19:47:10 +0900"},"done":true},"minecraft:recipes/decorations/brown_stained_glass_pane_from_glass_pane":{"criteria":{"has_brown_dye":"2025-06-30 19:47:10 +0900"},"done":true},"minecraft:recipes/decorations/brown_candle":{"criteria":{"has_brown_dye":"2025-06-30 19:47:10 +0900"},"done":true},"minecraft:recipes/building_blocks/dye_brown_wool":{"criteria":{"has_needed_dye":"2025-06-30 19:47:10 +0900"},"done":true},"minecraft:recipes/misc/charcoal":{"criteria":{"has_log":"2025-06-30 19:47:35 +0900"},"done":true},"minecraft:recipes/building_blocks/pale_oak_planks":{"criteria":{"has_log":"2025-06-30 19:47:35 +0900"},"done":true},"minecraft:recipes/building_blocks/pale_oak_wood":{"criteria":{"has_log":"2025-06-30 19:47:35 +0900"},"done":true},"minecraft:recipes/redstone/redstone":{"criteria":{"has_redstone_block":"2025-06-30 19:48:45 +0900"},"done":true},"minecraft:recipes/redstone/bamboo_trapdoor":{"criteria":{"has_planks":"2025-06-30 19:48:50 +0900"},"done":true},"minecraft:recipes/redstone/bamboo_pressure_plate":{"criteria":{"has_planks":"2025-06-30 19:48:50 +0900"},"done":true},"minecraft:recipes/building_blocks/bamboo_slab":{"criteria":{"has_planks":"2025-06-30 19:48:50 +0900"},"done":true},"minecraft:recipes/misc/stick":{"criteria":{"has_planks":"2025-06-30 19:48:50 +0900"},"done":true},"minecraft:recipes/redstone/bamboo_button":{"criteria":{"has_planks":"2025-06-30 19:48:50 +0900"},"done":true},"minecraft:recipes/decorations/barrel":{"criteria":{"has_planks":"2025-06-30 19:48:50 +0900"},"done":true},"minecraft:recipes/redstone/bamboo_fence_gate":{"criteria":{"has_planks":"2025-06-30 19:48:50 +0900"},"done":true},"minecraft:recipes/building_blocks/bamboo_stairs":{"criteria":{"has_planks":"2025-06-30 19:48:50 +0900"},"done":true},"minecraft:recipes/decorations/bamboo_sign":{"criteria":{"has_planks":"2025-06-30 19:48:50 +0900"},"done":true},"minecraft:recipes/redstone/bamboo_door":{"criteria":{"has_planks":"2025-06-30 19:48:50 +0900"},"done":true},"minecraft:recipes/decorations/bamboo_fence":{"criteria":{"has_planks":"2025-06-30 19:48:50 +0900"},"done":true},"minecraft:recipes/building_blocks/pale_oak_slab":{"criteria":{"has_planks":"2025-06-30 19:49:29 +0900"},"done":true},"minecraft:recipes/redstone/pale_oak_door":{"criteria":{"has_planks":"2025-06-30 19:49:29 +0900"},"done":true},"minecraft:recipes/redstone/pale_oak_trapdoor":{"criteria":{"has_planks":"2025-06-30 19:49:29 +0900"},"done":true},"minecraft:recipes/redstone/pale_oak_button":{"criteria":{"has_planks":"2025-06-30 19:49:29 +0900"},"done":true},"minecraft:recipes/redstone/pale_oak_fence_gate":{"criteria":{"has_planks":"2025-06-30 19:49:29 +0900"},"done":true},"minecraft:recipes/decorations/pale_oak_fence":{"criteria":{"has_planks":"2025-06-30 19:49:29 +0900"},"done":true},"minecraft:recipes/building_blocks/pale_oak_stairs":{"criteria":{"has_planks":"2025-06-30 19:49:29 +0900"},"done":true},"minecraft:recipes/redstone/pale_oak_pressure_plate":{"criteria":{"has_planks":"2025-06-30 19:49:29 +0900"},"done":true},"minecraft:recipes/decorations/pale_oak_sign":{"criteria":{"has_planks":"2025-06-30 19:49:29 +0900"},"done":true},"minecraft:story/root":{"criteria":{"crafting_table":"2025-06-30 19:49:32 +0900"},"done":true},"minecraft:recipes/decorations/ladder":{"criteria":{"has_stick":"2025-06-30 19:49:51 +0900"},"done":true},"minecraft:recipes/decorations/campfire":{"criteria":{"has_stick":"2025-06-30 19:49:51 +0900"},"done":true},"minecraft:recipes/tools/wooden_hoe":{"criteria":{"has_stick":"2025-06-30 19:49:51 +0900"},"done":true},"minecraft:recipes/tools/wooden_pickaxe":{"criteria":{"has_stick":"2025-06-30 19:49:51 +0900"},"done":true},"minecraft:recipes/tools/wooden_axe":{"criteria":{"has_stick":"2025-06-30 19:49:51 +0900"},"done":true},"minecraft:recipes/tools/wooden_shovel":{"criteria":{"has_stick":"2025-06-30 19:49:51 +0900"},"done":true},"minecraft:recipes/combat/wooden_sword":{"criteria":{"has_stick":"2025-06-30 19:49:51 +0900"},"done":true},"minecraft:recipes/building_blocks/waxed_exposed_chiseled_copper":{"criteria":{"has_waxed_exposed_cut_copper_slab":"2025-06-30 19:51:40 +0900"},"done":true},"minecraft:husbandry/root":{"criteria":{"consumed_item":"2025-06-30 19:58:20 +0900"},"done":true},"minecraft:husbandry/balanced_diet":{"criteria":{"enchanted_golden_apple":"2025-06-30 20:02:34 +0900","chorus_fruit":"2025-07-01 19:48:21 +0900","golden_carrot":"2025-06-30 20:17:07 +0900"},"done":false},"minecraft:recipes/building_blocks/blue_ice":{"criteria":{"has_packed_ice":"2025-06-30 20:07:27 +0900"},"done":true},"minecraft:recipes/decorations/snow":{"criteria":{"has_snowball":"2025-07-01 19:31:40 +0900"},"done":true},"minecraft:recipes/building_blocks/snow_block":{"criteria":{"has_snowball":"2025-07-01 19:31:40 +0900"},"done":true},"minecraft:recipes/decorations/red_shulker_box":{"criteria":{"has_shulker_box":"2025-07-01 19:41:06 +0900"},"done":true},"minecraft:recipes/decorations/yellow_shulker_box":{"criteria":{"has_shulker_box":"2025-07-01 19:41:06 +0900"},"done":true},"minecraft:recipes/decorations/gray_shulker_box":{"criteria":{"has_shulker_box":"2025-07-01 19:41:06 +0900"},"done":true},"minecraft:recipes/decorations/lime_shulker_box":{"criteria":{"has_shulker_box":"2025-07-01 19:41:06 +0900"},"done":true},"minecraft:recipes/decorations/purple_shulker_box":{"criteria":{"has_shulker_box":"2025-07-01 19:41:06 +0900"},"done":true},"minecraft:recipes/decorations/pink_shulker_box":{"criteria":{"has_shulker_box":"2025-07-01 19:41:06 +0900"},"done":true},"minecraft:recipes/decorations/cyan_shulker_box":{"criteria":{"has_shulker_box":"2025-07-01 19:41:06 +0900"},"done":true},"minecraft:recipes/decorations/white_shulker_box":{"criteria":{"has_shulker_box":"2025-07-01 19:41:06 +0900"},"done":true},"minecraft:recipes/decorations/green_shulker_box":{"criteria":{"has_shulker_box":"2025-07-01 19:41:06 +0900"},"done":true},"minecraft:recipes/decorations/brown_shulker_box":{"criteria":{"has_shulker_box":"2025-07-01 19:41:06 +0900"},"done":true},"minecraft:recipes/decorations/light_blue_shulker_box":{"criteria":{"has_shulker_box":"2025-07-01 19:41:06 +0900"},"done":true},"minecraft:recipes/decorations/magenta_shulker_box":{"criteria":{"has_shulker_box":"2025-07-01 19:41:06 +0900"},"done":true},"minecraft:recipes/decorations/light_gray_shulker_box":{"criteria":{"has_shulker_box":"2025-07-01 19:41:06 +0900"},"done":true},"minecraft:recipes/decorations/blue_shulker_box":{"criteria":{"has_shulker_box":"2025-07-01 19:41:06 +0900"},"done":true},"minecraft:recipes/decorations/orange_shulker_box":{"criteria":{"has_shulker_box":"2025-07-01 19:41:06 +0900"},"done":true},"minecraft:recipes/decorations/black_shulker_box":{"criteria":{"has_shulker_box":"2025-07-01 19:41:06 +0900"},"done":true},"minecraft:recipes/misc/popped_chorus_fruit":{"criteria":{"has_chorus_fruit":"2025-07-01 19:44:21 +0900"},"done":true},"minecraft:recipes/building_blocks/cherry_slab":{"criteria":{"has_planks":"2025-07-01 19:47:36 +0900"},"done":true},"minecraft:recipes/redstone/cherry_fence_gate":{"criteria":{"has_planks":"2025-07-01 19:47:36 +0900"},"done":true},"minecraft:recipes/decorations/cherry_sign":{"criteria":{"has_planks":"2025-07-01 19:47:36 +0900"},"done":true},"minecraft:recipes/redstone/cherry_pressure_plate":{"criteria":{"has_planks":"2025-07-01 19:47:36 +0900"},"done":true},"minecraft:recipes/decorations/cherry_fence":{"criteria":{"has_planks":"2025-07-01 19:47:36 +0900"},"done":true},"minecraft:recipes/building_blocks/cherry_stairs":{"criteria":{"has_planks":"2025-07-01 19:47:36 +0900"},"done":true},"minecraft:recipes/redstone/cherry_trapdoor":{"criteria":{"has_planks":"2025-07-01 19:47:36 +0900"},"done":true},"minecraft:recipes/redstone/cherry_button":{"criteria":{"has_planks":"2025-07-01 19:47:36 +0900"},"done":true},"minecraft:recipes/redstone/cherry_door":{"criteria":{"has_planks":"2025-07-01 19:47:36 +0900"},"done":true},"minecraft:recipes/building_blocks/oak_planks":{"criteria":{"has_logs":"2025-07-01 19:56:06 +0900"},"done":true},"minecraft:adventure/shoot_arrow":{"criteria":{"shot_arrow":"2025-07-01 20:00:01 +0900"},"done":true},"minecraft:adventure/who_needs_rockets":{"criteria":{"who_needs_rockets":"2025-07-01 20:11:54 +0900"},"done":true},"minecraft:recipes/redstone/sticky_piston":{"criteria":{"has_slime_ball":"2025-07-01 20:13:12 +0900"},"done":true},"minecraft:recipes/redstone/slime_block":{"criteria":{"has_slime_ball":"2025-07-01 20:13:12 +0900"},"done":true},"minecraft:recipes/tools/lead":{"criteria":{"has_slime_ball":"2025-07-01 20:13:12 +0900"},"done":true},"minecraft:recipes/decorations/yellow_glazed_terracotta":{"criteria":{"has_yellow_terracotta":"2025-07-02 14:39:51 +0900"},"done":true},"minecraft:recipes/food/honey_bottle":{"criteria":{"has_honey_block":"2025-07-02 13:21:24 +0900"},"done":true},"minecraft:recipes/decorations/pale_moss_carpet":{"criteria":{"has_pale_moss_block":"2025-07-02 13:19:24 +0900"},"done":true},"minecraft:husbandry/tactical_fishing":{"criteria":{"pufferfish_bucket":"2025-07-02 14:07:37 +0900"},"done":true},"minecraft:recipes/building_blocks/purpur_block":{"criteria":{"has_chorus_fruit_popped":"2025-07-02 14:41:58 +0900"},"done":true},"minecraft:adventure/kill_all_mobs":{"criteria":{"minecraft:bogged":"2025-07-02 13:57:01 +0900"},"done":false},"minecraft:adventure/kill_a_mob":{"criteria":{"minecraft:bogged":"2025-07-02 13:57:01 +0900"},"done":true},"minecraft:adventure/throw_trident":{"criteria":{"shot_trident":"2025-07-02 13:49:23 +0900"},"done":true},"minecraft:recipes/decorations/end_rod":{"criteria":{"has_chorus_fruit_popped":"2025-07-02 14:41:58 +0900"},"done":true},"DataVersion":4325}