{"stats":{"minecraft:custom":{"minecraft:time_since_rest":2006,"minecraft:leave_game":8,"minecraft:damage_taken":26174,"minecraft:mob_kills":6,"minecraft:boat_one_cm":3258,"minecraft:damage_absorbed":16,"minecraft:open_shulker_box":2,"minecraft:time_since_death":2004,"minecraft:damage_dealt_absorbed":121,"minecraft:sleep_in_bed":1,"minecraft:swim_one_cm":29045,"minecraft:total_world_time":247529,"minecraft:crouch_one_cm":245894,"minecraft:deaths":210,"minecraft:climb_one_cm":845,"minecraft:player_kills":72,"minecraft:damage_resisted":1075,"minecraft:walk_one_cm":185333,"minecraft:walk_under_water_one_cm":36536,"minecraft:damage_dealt":4544,"minecraft:play_time":247529,"minecraft:jump":3890,"minecraft:drop":561,"minecraft:sprint_one_cm":192420,"minecraft:open_chest":6,"minecraft:fall_one_cm":274756,"minecraft:fly_one_cm":851261,"minecraft:interact_with_anvil":1,"minecraft:walk_on_water_one_cm":22421,"minecraft:sneak_time":86883},"minecraft:broken":{"minecraft:netherite_axe":2},"minecraft:used":{"minecraft:acacia_button":2,"minecraft:painting":14,"minecraft:bamboo_chest_raft":4,"minecraft:pink_shulker_box":3,"minecraft:oxidized_copper_bulb":10,"minecraft:player_head":270,"minecraft:netherite_sword":14,"minecraft:red_concrete":7,"minecraft:netherite_axe":8,"minecraft:vault":103,"minecraft:cherry_planks":29,"minecraft:firework_rocket":20,"minecraft:campfire":38,"minecraft:tnt":39,"minecraft:waxed_copper_block":114,"minecraft:golden_carrot":1,"minecraft:pink_wool":114,"minecraft:waxed_exposed_cut_copper_slab":103,"minecraft:pufferfish_bucket":20,"minecraft:diamond_pickaxe":39,"minecraft:golden_chestplate":10,"minecraft:packed_ice":33,"minecraft:cherry_hanging_sign":20,"minecraft:bogged_spawn_egg":8,"minecraft:crafter":148,"minecraft:mace":3,"minecraft:pale_oak_planks":248,"minecraft:diamond_chestplate":4,"minecraft:pink_concrete_powder":197,"minecraft:resin_block":122,"minecraft:barrier":13,"minecraft:powder_snow_bucket":6,"minecraft:snowball":83,"minecraft:potion":6,"minecraft:jukebox":347,"minecraft:bow":52,"minecraft:netherite_helmet":8,"minecraft:trident":34,"minecraft:chorus_fruit":2,"minecraft:lingering_potion":31,"minecraft:pale_oak_hanging_sign":4,"minecraft:honey_block":18,"minecraft:sculk_catalyst":3,"minecraft:water_bucket":101,"minecraft:slime_block":122,"minecraft:calibrated_sculk_sensor":75,"minecraft:anvil":16,"minecraft:pale_oak_log":3,"minecraft:wolf_spawn_egg":7,"minecraft:blue_egg":70,"minecraft:bamboo_trapdoor":62,"minecraft:obsidian":45,"minecraft:pale_moss_block":182,"minecraft:sand":72,"minecraft:golden_axe":11,"minecraft:wind_charge":65,"minecraft:redstone_block":45,"minecraft:creaking_heart":74,"minecraft:cobweb":5,"minecraft:brown_dye":1,"minecraft:leather_boots":12,"minecraft:bamboo_planks":88,"minecraft:cooked_beef":1,"minecraft:flint_and_steel":4,"minecraft:bucket":114,"minecraft:chest":1,"minecraft:splash_potion":10,"minecraft:chiseled_bookshelf":156,"minecraft:turtle_helmet":7,"minecraft:enchanted_golden_apple":1,"minecraft:light_blue_bed":1,"minecraft:ravager_spawn_egg":59,"minecraft:chainmail_leggings":17},"minecraft:picked_up":{"minecraft:pale_oak_log":20,"minecraft:waxed_exposed_cut_copper_slab":17,"minecraft:bucket":2,"minecraft:bone":48,"minecraft:slime_block":40,"minecraft:water_bucket":1,"minecraft:bamboo_trapdoor":23,"minecraft:echo_shard":1,"minecraft:chiseled_bookshelf":58,"minecraft:pufferfish_bucket":1,"minecraft:creaking_heart":5,"minecraft:resin_block":11,"minecraft:oak_pressure_plate":7,"minecraft:stick":2,"minecraft:painting":4,"minecraft:wolf_armor":1,"minecraft:chicken":1,"minecraft:charcoal":2,"minecraft:powder_snow_bucket":1,"minecraft:golden_chestplate":1,"minecraft:player_head":71,"minecraft:honey_block":5,"minecraft:arrow":130,"minecraft:diamond_chestplate":4,"minecraft:light_blue_bed":2,"minecraft:enchanted_golden_apple":3,"minecraft:mace":3,"minecraft:cherry_planks":1,"minecraft:netherite_sword":3,"minecraft:lime_bed":1,"minecraft:chainmail_leggings":2,"minecraft:trident":1,"minecraft:diamond_pickaxe":1,"minecraft:oxidized_copper_bulb":2,"minecraft:red_concrete":1,"minecraft:pale_oak_planks":27,"minecraft:calibrated_sculk_sensor":41,"minecraft:music_disc_otherside":1,"minecraft:lingering_potion":1,"minecraft:sand":13,"minecraft:disc_fragment_5":4,"minecraft:shield":1,"minecraft:splash_potion":2,"minecraft:tnt":34,"minecraft:bamboo_chest_raft":2,"minecraft:netherite_axe":1,"minecraft:golden_axe":1,"minecraft:pink_wool":28,"minecraft:campfire":18,"minecraft:waxed_copper_block":5,"minecraft:wooden_pickaxe":1,"minecraft:pufferfish":2,"minecraft:pale_moss_block":32,"minecraft:feather":2,"minecraft:ravager_spawn_egg":3,"minecraft:potion":3,"minecraft:wind_charge":2,"minecraft:pink_concrete_powder":26,"minecraft:glass_bottle":4,"minecraft:obsidian":1,"minecraft:jukebox":4,"minecraft:vault":21},"minecraft:dropped":{"minecraft:music_disc_otherside":0,"minecraft:cherry_hanging_sign":0,"minecraft:chainmail_leggings":0,"minecraft:campfire":0,"minecraft:golden_pickaxe":0,"minecraft:wind_charge":0,"minecraft:netherite_helmet":0,"minecraft:bone":24,"minecraft:ravager_spawn_egg":7,"minecraft:bucket":0,"minecraft:potion":0,"minecraft:golden_chestplate":0,"minecraft:diamond_chestplate":1,"minecraft:chiseled_bookshelf":0,"minecraft:popped_chorus_fruit":0,"minecraft:powder_snow_bucket":0,"minecraft:shield":0,"minecraft:wolf_armor":3,"minecraft:glass_bottle":1,"minecraft:jukebox":0,"minecraft:player_head":65,"minecraft:brown_dye":256,"minecraft:music_disc_precipice":0,"minecraft:diamond_pickaxe":1,"minecraft:pale_oak_hanging_sign":56,"minecraft:vault":16,"minecraft:pale_oak_log":0,"minecraft:disc_fragment_5":0,"minecraft:warden_spawn_egg":0,"minecraft:lingering_potion":0,"minecraft:netherite_axe":0,"minecraft:echo_shard":0,"minecraft:tipped_arrow":0,"minecraft:slime_block":0},"minecraft:mined":{"minecraft:pink_concrete_powder":6,"minecraft:pale_moss_block":2,"minecraft:waxed_exposed_cut_copper_slab":1,"minecraft:lime_bed":1,"minecraft:light_blue_bed":1,"minecraft:crafter":1,"minecraft:honey_block":15,"minecraft:pink_wool":1,"minecraft:sculk_vein":2,"minecraft:slime_block":40,"minecraft:tnt":25,"minecraft:powder_snow":1,"minecraft:calibrated_sculk_sensor":8,"minecraft:player_head":5,"minecraft:chiseled_bookshelf":4,"minecraft:campfire":1,"minecraft:redstone_block":1,"minecraft:player_wall_head":9,"minecraft:sand":5,"minecraft:yellow_bed":5,"minecraft:fire":2,"minecraft:pale_oak_planks":4,"minecraft:cherry_planks":1,"minecraft:jukebox":4,"minecraft:resin_block":51,"minecraft:oak_pressure_plate":21,"minecraft:pink_bed":1,"minecraft:red_concrete":1},"minecraft:killed":{"minecraft:slime":1,"minecraft:chicken":1,"minecraft:silverfish":2},"minecraft:killed_by":{"minecraft:ravager":6,"minecraft:player":60,"minecraft:silverfish":1,"minecraft:pufferfish":2},"minecraft:crafted":{"minecraft:pale_oak_planks":660,"minecraft:netherite_sword":2,"minecraft:trident":1,"minecraft:diamond_pickaxe":3,"minecraft:netherite_axe":2}},"DataVersion":4325}