{"stats":{"minecraft:killed":{"minecraft:chicken":1},"minecraft:killed_by":{"minecraft:player":30},"minecraft:mined":{"minecraft:calibrated_sculk_sensor":6,"minecraft:powder_snow":1,"minecraft:pink_concrete_powder":6,"minecraft:pale_moss_block":2,"minecraft:player_head":4,"minecraft:chiseled_bookshelf":4,"minecraft:light_blue_bed":1,"minecraft:player_wall_head":6,"minecraft:sand":5,"minecraft:yellow_bed":1,"minecraft:resin_block":7,"minecraft:oak_pressure_plate":1,"minecraft:red_concrete":1,"minecraft:tnt":25},"minecraft:used":{"minecraft:acacia_button":2,"minecraft:painting":14,"minecraft:bamboo_chest_raft":3,"minecraft:trident":15,"minecraft:player_head":251,"minecraft:netherite_sword":1,"minecraft:lingering_potion":8,"minecraft:pale_oak_hanging_sign":4,"minecraft:red_concrete":7,"minecraft:vault":100,"minecraft:firework_rocket":20,"minecraft:campfire":28,"minecraft:tnt":39,"minecraft:waxed_copper_block":114,"minecraft:water_bucket":21,"minecraft:pufferfish_bucket":8,"minecraft:diamond_pickaxe":31,"minecraft:calibrated_sculk_sensor":47,"minecraft:pale_oak_log":3,"minecraft:wolf_spawn_egg":7,"minecraft:blue_egg":70,"minecraft:bamboo_trapdoor":62,"minecraft:obsidian":5,"minecraft:pale_moss_block":124,"minecraft:sand":72,"minecraft:golden_axe":8,"minecraft:wind_charge":15,"minecraft:creaking_heart":41,"minecraft:brown_dye":1,"minecraft:crafter":44,"minecraft:pale_oak_planks":66,"minecraft:mace":3,"minecraft:diamond_chestplate":4,"minecraft:pink_concrete_powder":197,"minecraft:resin_block":47,"minecraft:barrier":13,"minecraft:powder_snow_bucket":2,"minecraft:bucket":27,"minecraft:snowball":80,"minecraft:chiseled_bookshelf":67,"minecraft:potion":5,"minecraft:turtle_helmet":3,"minecraft:light_blue_bed":1,"minecraft:jukebox":145,"minecraft:ravager_spawn_egg":48,"minecraft:bow":48,"minecraft:chainmail_leggings":6},"minecraft:crafted":{"minecraft:pale_oak_planks":276},"minecraft:dropped":{"minecraft:glass_bottle":1,"minecraft:diamond_chestplate":1,"minecraft:player_head":65,"minecraft:brown_dye":256,"minecraft:diamond_pickaxe":1,"minecraft:pale_oak_hanging_sign":56,"minecraft:vault":16,"minecraft:bone":24,"minecraft:ravager_spawn_egg":7,"minecraft:wolf_armor":3},"minecraft:custom":{"minecraft:time_since_rest":445,"minecraft:walk_one_cm":87195,"minecraft:leave_game":3,"minecraft:walk_under_water_one_cm":9450,"minecraft:damage_taken":18701,"minecraft:mob_kills":2,"minecraft:boat_one_cm":2880,"minecraft:play_time":105760,"minecraft:damage_dealt":2277,"minecraft:jump":1361,"minecraft:time_since_death":440,"minecraft:damage_dealt_absorbed":34,"minecraft:drop":336,"minecraft:sprint_one_cm":67333,"minecraft:fall_one_cm":194011,"minecraft:total_world_time":105760,"minecraft:swim_one_cm":37,"minecraft:fly_one_cm":243783,"minecraft:walk_on_water_one_cm":2550,"minecraft:crouch_one_cm":111200,"minecraft:sneak_time":37994,"minecraft:deaths":85,"minecraft:player_kills":44},"minecraft:picked_up":{"minecraft:chainmail_leggings":1,"minecraft:pale_oak_log":20,"minecraft:trident":1,"minecraft:bucket":2,"minecraft:bone":48,"minecraft:diamond_pickaxe":1,"minecraft:red_concrete":1,"minecraft:water_bucket":1,"minecraft:bamboo_trapdoor":23,"minecraft:calibrated_sculk_sensor":41,"minecraft:sand":13,"minecraft:tnt":34,"minecraft:chiseled_bookshelf":21,"minecraft:bamboo_chest_raft":2,"minecraft:campfire":16,"minecraft:resin_block":2,"minecraft:waxed_copper_block":5,"minecraft:painting":4,"minecraft:pufferfish":2,"minecraft:wolf_armor":1,"minecraft:pale_moss_block":31,"minecraft:feather":2,"minecraft:chicken":1,"minecraft:ravager_spawn_egg":3,"minecraft:potion":3,"minecraft:player_head":67,"minecraft:arrow":128,"minecraft:diamond_chestplate":4,"minecraft:light_blue_bed":2,"minecraft:enchanted_golden_apple":3,"minecraft:pink_concrete_powder":26,"minecraft:obsidian":1,"minecraft:mace":2,"minecraft:vault":20,"minecraft:netherite_sword":2}},"DataVersion":4325}