{"stats":{"minecraft:mined":{"minecraft:pink_concrete_powder":2,"minecraft:pale_moss_block":23,"minecraft:waxed_exposed_cut_copper_slab":1,"minecraft:lime_bed":7,"minecraft:blue_wool":4,"minecraft:light_blue_bed":6,"minecraft:crafter":1,"minecraft:infested_stone":1,"minecraft:dried_kelp_block":4,"minecraft:honey_block":1,"minecraft:pink_wool":20,"minecraft:bamboo_trapdoor":1,"minecraft:slime_block":86,"minecraft:bamboo_planks":2,"minecraft:tnt":78,"minecraft:calibrated_sculk_sensor":4,"minecraft:powder_snow":2,"minecraft:vault":1,"minecraft:waxed_copper_block":2,"minecraft:creaking_heart":1,"minecraft:player_head":15,"minecraft:pale_oak_door":1,"minecraft:acacia_slab":1,"minecraft:grass_block":7,"minecraft:cobweb":1,"minecraft:pink_concrete":1,"minecraft:chiseled_bookshelf":6,"minecraft:campfire":2,"minecraft:player_wall_head":2,"minecraft:yellow_bed":2,"minecraft:sand":2,"minecraft:fire":8,"minecraft:cherry_planks":2,"minecraft:pale_oak_planks":2,"minecraft:jukebox":17,"minecraft:cake":2,"minecraft:resin_block":103,"minecraft:oak_pressure_plate":2,"minecraft:magenta_bed":1,"minecraft:pink_bed":7,"minecraft:red_concrete":1},"minecraft:killed_by":{"minecraft:ravager":22,"minecraft:player":133,"minecraft:silverfish":1,"minecraft:creeper":1,"minecraft:pufferfish":2},"minecraft:killed":{"minecraft:zombie":1},"minecraft:crafted":{"minecraft:stick":4,"minecraft:sandstone":2,"minecraft:pale_oak_planks":704,"minecraft:netherite_sword":1,"minecraft:chest":2,"minecraft:netherite_axe":2,"minecraft:barrier":11,"minecraft:ender_pearl":2,"minecraft:crafting_table":2},"minecraft:broken":{"minecraft:golden_axe":4,"minecraft:trident":5,"minecraft:netherite_axe":1},"minecraft:custom":{"minecraft:time_since_rest":6826,"minecraft:leave_game":42,"minecraft:damage_taken":62768,"minecraft:mob_kills":7,"minecraft:boat_one_cm":9684,"minecraft:damage_absorbed":1218,"minecraft:open_shulker_box":40,"minecraft:time_since_death":6825,"minecraft:damage_dealt_absorbed":473,"minecraft:sleep_in_bed":2,"minecraft:swim_one_cm":5005,"minecraft:total_world_time":1296800,"minecraft:crouch_one_cm":462966,"minecraft:climb_one_cm":108,"minecraft:deaths":387,"minecraft:player_kills":107,"minecraft:damage_blocked_by_shield":528,"minecraft:damage_resisted":2781,"minecraft:interact_with_crafting_table":18,"minecraft:walk_one_cm":621848,"minecraft:walk_under_water_one_cm":15953,"minecraft:damage_dealt":7313,"minecraft:play_time":1285216,"minecraft:jump":17053,"minecraft:play_record":5,"minecraft:drop":277,"minecraft:sprint_one_cm":902298,"minecraft:open_chest":370,"minecraft:fall_one_cm":637029,"minecraft:fly_one_cm":11748692,"minecraft:interact_with_anvil":13,"minecraft:walk_on_water_one_cm":13959,"minecraft:sneak_time":117058},"minecraft:dropped":{"minecraft:campfire":0,"minecraft:bone":24,"minecraft:cobweb":0,"minecraft:chiseled_bookshelf":1,"minecraft:turtle_helmet":1,"minecraft:shield":0,"minecraft:resin_brick_wall":0,"minecraft:wolf_spawn_egg":0,"minecraft:jukebox":0,"minecraft:player_head":5,"minecraft:mace":1,"minecraft:emerald_block":33,"minecraft:music_disc_precipice":0,"minecraft:open_eyeblossom":64,"minecraft:diamond_pickaxe":2,"minecraft:disc_fragment_5":0,"minecraft:bamboo_planks":0,"minecraft:wither_rose":1,"minecraft:dried_kelp":72,"minecraft:creaking_heart":32,"minecraft:enchanted_golden_apple":0,"minecraft:snowball":16,"minecraft:chorus_fruit":0,"minecraft:light_blue_bed":1,"minecraft:rotten_flesh":0,"minecraft:cherry_hanging_sign":0,"minecraft:chainmail_leggings":0,"minecraft:pink_concrete_powder":0,"minecraft:leather_boots":0,"minecraft:bow":1,"minecraft:pufferfish":0,"minecraft:potion":0,"minecraft:calibrated_sculk_sensor":0,"minecraft:obsidian":0,"minecraft:golden_chestplate":0,"minecraft:diamond_chestplate":1,"minecraft:diamond":1,"minecraft:ender_pearl":1,"minecraft:oak_pressure_plate":0,"minecraft:skull_banner_pattern":0,"minecraft:blue_egg":10,"minecraft:waxed_copper_block":15,"minecraft:glass_bottle":2,"minecraft:bogged_spawn_egg":0,"minecraft:bedrock":1,"minecraft:brown_dye":255,"minecraft:red_concrete":2,"minecraft:resin_block":0,"minecraft:vault":0,"minecraft:closed_eyeblossom":32,"minecraft:netherite_axe":0,"minecraft:painting":0,"minecraft:echo_shard":0},"minecraft:picked_up":{"minecraft:glow_item_frame":1,"minecraft:pale_oak_log":24,"minecraft:waxed_exposed_cut_copper_slab":49,"minecraft:bone":272,"minecraft:turtle_helmet":7,"minecraft:slime_ball":2,"minecraft:diamond":1,"minecraft:echo_shard":4,"minecraft:chiseled_bookshelf":149,"minecraft:creaking_heart":117,"minecraft:acacia_button":3,"minecraft:packed_ice":20,"minecraft:wolf_armor":4,"minecraft:charcoal":2,"minecraft:bow":6,"minecraft:arrow":115,"minecraft:light_blue_bed":6,"minecraft:enchanted_golden_apple":4,"minecraft:mace":5,"minecraft:emerald_block":33,"minecraft:golden_carrot":17,"minecraft:lime_bed":7,"minecraft:dirt":7,"minecraft:open_eyeblossom":64,"minecraft:blue_egg":10,"minecraft:pale_oak_door":1,"minecraft:blue_wool":6,"minecraft:diamond_pickaxe":13,"minecraft:red_concrete":8,"minecraft:cactus_flower":32,"minecraft:music_disc_otherside":2,"minecraft:lingering_potion":3,"minecraft:sand":2,"minecraft:tnt":89,"minecraft:golden_axe":3,"minecraft:waxed_copper_block":39,"minecraft:cooked_beef":6,"minecraft:potion":6,"minecraft:snowball":32,"minecraft:ender_pearl":2,"minecraft:string":1,"minecraft:brown_dye":766,"minecraft:obsidian":1,"minecraft:leather_boots":6,"minecraft:ladder":1,"minecraft:resin_brick_wall":40,"minecraft:bucket":1,"minecraft:slime_block":198,"minecraft:wolf_spawn_egg":6,"minecraft:resin_clump":3,"minecraft:bamboo_trapdoor":1,"minecraft:azalea_leaves":32,"minecraft:chain_command_block":3,"minecraft:bogged_spawn_egg":6,"minecraft:pufferfish_bucket":3,"minecraft:pale_oak_hanging_sign":56,"minecraft:music_disc_precipice":3,"minecraft:resin_block":251,"minecraft:oak_pressure_plate":2,"minecraft:painting":23,"minecraft:acacia_slab":1,"minecraft:pink_concrete":13,"minecraft:player_head":161,"minecraft:powder_snow_bucket":4,"minecraft:golden_chestplate":4,"minecraft:honey_block":1,"minecraft:iron_axe":2,"minecraft:red_carpet":1,"minecraft:item_frame":2,"minecraft:diamond_chestplate":2,"minecraft:pointed_dripstone":15,"minecraft:dried_kelp_block":4,"minecraft:cherry_planks":2,"minecraft:netherite_sword":10,"minecraft:yellow_bed":2,"minecraft:pale_moss_carpet":12,"minecraft:chainmail_leggings":7,"minecraft:trident":6,"minecraft:wither_rose":128,"minecraft:golden_pickaxe":1,"minecraft:cherry_hanging_sign":64,"minecraft:light_gray_wool":1,"minecraft:oxidized_copper_bulb":6,"minecraft:netherite_hoe":3,"minecraft:redstone_block":30,"minecraft:pale_oak_planks":33,"minecraft:calibrated_sculk_sensor":143,"minecraft:grass_block":1,"minecraft:shield":8,"minecraft:disc_fragment_5":3,"minecraft:bamboo_planks":61,"minecraft:pink_bed":7,"minecraft:bamboo_chest_raft":9,"minecraft:pink_wool":78,"minecraft:netherite_axe":5,"minecraft:tipped_arrow":42,"minecraft:campfire":30,"minecraft:cobweb":15,"minecraft:skull_banner_pattern":15,"minecraft:pufferfish":3,"minecraft:pale_moss_block":91,"minecraft:ravager_spawn_egg":7,"minecraft:flint_and_steel":6,"minecraft:crafting_table":4,"minecraft:rotten_flesh":2,"minecraft:cake":1,"minecraft:wind_charge":107,"minecraft:resin_brick":1,"minecraft:pink_concrete_powder":38,"minecraft:magenta_bed":1,"minecraft:glass_bottle":3,"minecraft:crafter":98,"minecraft:jukebox":207,"minecraft:vault":21},"minecraft:used":{"minecraft:painting":333,"minecraft:crying_obsidian":4,"minecraft:oxidized_copper_bulb":16,"minecraft:player_head":179,"minecraft:end_crystal":3,"minecraft:netherite_axe":24,"minecraft:vault":98,"minecraft:cherry_planks":29,"minecraft:campfire":54,"minecraft:pink_wool":420,"minecraft:waxed_exposed_cut_copper_slab":119,"minecraft:vindicator_spawn_egg":1,"minecraft:pufferfish_bucket":19,"minecraft:oak_sign":13,"minecraft:golden_boots":2,"minecraft:emerald_ore":10,"minecraft:pink_concrete":1,"minecraft:golden_chestplate":16,"minecraft:oak_wood":113,"minecraft:cherry_hanging_sign":15,"minecraft:black_wool":8,"minecraft:bogged_spawn_egg":2,"minecraft:crafter":177,"minecraft:barrier":118,"minecraft:powder_snow_bucket":8,"minecraft:pale_oak_door":1,"minecraft:dried_kelp_block":82,"minecraft:snowball":44,"minecraft:jukebox":367,"minecraft:orange_wool":17,"minecraft:pointed_dripstone":1,"minecraft:bow":11,"minecraft:stone_pressure_plate":4,"minecraft:acacia_planks":1,"minecraft:yellow_bed":15,"minecraft:lingering_potion":61,"minecraft:honey_block":1,"minecraft:sculk_catalyst":3,"minecraft:calibrated_sculk_sensor":323,"minecraft:anvil":2,"minecraft:lime_wool":29,"minecraft:wolf_spawn_egg":8,"minecraft:blue_egg":41,"minecraft:dirt":19,"minecraft:bamboo_trapdoor":48,"minecraft:obsidian":5,"minecraft:magenta_bed":1,"minecraft:sand":12,"minecraft:wind_charge":81,"minecraft:redstone_block":169,"minecraft:leather_boots":15,"minecraft:glow_ink_sac":2,"minecraft:gray_wool":8,"minecraft:bucket":31,"minecraft:splash_potion":3,"minecraft:chiseled_bookshelf":265,"minecraft:enchanted_golden_apple":15,"minecraft:purple_wool":14,"minecraft:yellow_wool":27,"minecraft:bedrock":88,"minecraft:chainmail_leggings":20,"minecraft:oak_trapdoor":4,"minecraft:acacia_button":2,"minecraft:grass_block":328,"minecraft:bamboo_chest_raft":5,"minecraft:golden_pickaxe":1,"minecraft:pink_shulker_box":3,"minecraft:emerald_block":51,"minecraft:netherite_sword":36,"minecraft:shield":8,"minecraft:chain_command_block":138,"minecraft:red_concrete":35,"minecraft:creeper_spawn_egg":3,"minecraft:tnt":203,"minecraft:waxed_copper_block":95,"minecraft:firework_rocket":43,"minecraft:diamond_pickaxe":24,"minecraft:ladder":7,"minecraft:command_block":52,"minecraft:light_gray_wool":20,"minecraft:blue_wool":151,"minecraft:packed_ice":49,"minecraft:light_blue_wool":18,"minecraft:magenta_wool":18,"minecraft:lime_bed":10,"minecraft:mace":47,"minecraft:pale_oak_planks":338,"minecraft:diamond_chestplate":16,"minecraft:pink_concrete_powder":45,"minecraft:resin_block":394,"minecraft:crafting_table":4,"minecraft:red_dye":1,"minecraft:oak_pressure_plate":2,"minecraft:potion":17,"minecraft:white_bed":2,"minecraft:infested_stone":9,"minecraft:netherite_helmet":1,"minecraft:glow_item_frame":74,"minecraft:trident":32,"minecraft:chorus_fruit":1,"minecraft:pale_oak_hanging_sign":7,"minecraft:camel_spawn_egg":3,"minecraft:blue_dye":1,"minecraft:water_bucket":116,"minecraft:slime_block":181,"minecraft:repeating_command_block":169,"minecraft:pale_oak_log":46,"minecraft:netherite_hoe":8,"minecraft:pale_moss_block":180,"minecraft:red_wool":38,"minecraft:golden_axe":43,"minecraft:oak_button":4,"minecraft:blue_ice":49,"minecraft:resin_brick_wall":8,"minecraft:stone_button":8,"minecraft:creaking_heart":144,"minecraft:brown_dye":8,"minecraft:cobweb":22,"minecraft:cake":3,"minecraft:green_bed":2,"minecraft:white_wool":5,"minecraft:bamboo_planks":154,"minecraft:cooked_beef":1,"minecraft:pink_bed":12,"minecraft:flint_and_steel":8,"minecraft:chest":13,"minecraft:turtle_helmet":21,"minecraft:pale_moss_carpet":4,"minecraft:light_blue_bed":5,"minecraft:brown_wool":6,"minecraft:ravager_spawn_egg":60,"minecraft:sandstone":2,"minecraft:ender_pearl":7,"minecraft:big_dripleaf":1}},"DataVersion":4325}