{"stats":{"minecraft:custom":{"minecraft:eat_cake_slice":2,"minecraft:time_since_rest":817,"minecraft:leave_game":8,"minecraft:damage_taken":55966,"minecraft:mob_kills":10,"minecraft:boat_one_cm":10041,"minecraft:damage_absorbed":819,"minecraft:open_shulker_box":14,"minecraft:interact_with_beacon":6,"minecraft:time_since_death":816,"minecraft:aviate_one_cm":18648,"minecraft:damage_dealt_absorbed":244,"minecraft:sleep_in_bed":4,"minecraft:swim_one_cm":10176,"minecraft:total_world_time":337638,"minecraft:crouch_one_cm":244576,"minecraft:deaths":265,"minecraft:climb_one_cm":2724,"minecraft:player_kills":70,"minecraft:damage_blocked_by_shield":298,"minecraft:damage_resisted":917,"minecraft:interact_with_crafting_table":25,"minecraft:walk_one_cm":272058,"minecraft:horse_one_cm":2295,"minecraft:walk_under_water_one_cm":8700,"minecraft:damage_dealt":6019,"minecraft:play_time":337638,"minecraft:jump":6264,"minecraft:drop":120,"minecraft:sprint_one_cm":395633,"minecraft:open_chest":62,"minecraft:fall_one_cm":508808,"minecraft:fly_one_cm":1442466,"minecraft:interact_with_anvil":2,"minecraft:walk_on_water_one_cm":19382,"minecraft:sneak_time":86911},"minecraft:broken":{"minecraft:golden_axe":1,"minecraft:netherite_axe":4},"minecraft:used":{"minecraft:painting":27,"minecraft:iron_axe":3,"minecraft:oxidized_copper_bulb":10,"minecraft:player_head":117,"minecraft:netherite_axe":16,"minecraft:vault":36,"minecraft:cherry_planks":42,"minecraft:acacia_slab":20,"minecraft:campfire":37,"minecraft:wither_rose":2,"minecraft:pink_wool":337,"minecraft:resin_brick_stairs":1,"minecraft:waxed_exposed_cut_copper_slab":230,"minecraft:vindicator_spawn_egg":1,"minecraft:pufferfish_bucket":16,"minecraft:wooden_axe":1,"minecraft:golden_boots":3,"minecraft:emerald_ore":12,"minecraft:golden_chestplate":19,"minecraft:pale_oak_sign":1,"minecraft:cherry_hanging_sign":21,"minecraft:red_carpet":24,"minecraft:bogged_spawn_egg":3,"minecraft:creaking_spawn_egg":2,"minecraft:crafter":121,"minecraft:barrier":8,"minecraft:powder_snow_bucket":11,"minecraft:pale_oak_door":1,"minecraft:dried_kelp_block":76,"minecraft:snowball":3,"minecraft:pale_oak_stairs":1,"minecraft:jukebox":185,"minecraft:bow":49,"minecraft:acacia_planks":1,"minecraft:lingering_potion":70,"minecraft:pale_oak_trapdoor":1,"minecraft:chiseled_resin_bricks":1,"minecraft:honey_block":48,"minecraft:sculk_catalyst":18,"minecraft:calibrated_sculk_sensor":52,"minecraft:item_frame":2,"minecraft:guardian_spawn_egg":14,"minecraft:anvil":16,"minecraft:goat_horn":1,"minecraft:wolf_spawn_egg":16,"minecraft:blue_egg":94,"minecraft:dirt":126,"minecraft:obsidian":30,"minecraft:sand":6,"minecraft:wind_charge":118,"minecraft:redstone_block":53,"minecraft:leather_boots":18,"minecraft:pale_oak_chest_boat":1,"minecraft:pale_oak_fence":1,"minecraft:bucket":13,"minecraft:splash_potion":6,"minecraft:chiseled_bookshelf":175,"minecraft:resin_brick_slab":1,"minecraft:enchanted_golden_apple":11,"minecraft:pale_oak_pressure_plate":1,"minecraft:brown_egg":8,"minecraft:bedrock":1,"minecraft:chainmail_leggings":21,"minecraft:golden_pickaxe":3,"minecraft:bamboo_chest_raft":11,"minecraft:pink_shulker_box":6,"minecraft:emerald_block":57,"minecraft:shield":12,"minecraft:netherite_sword":4,"minecraft:red_concrete":10,"minecraft:creeper_spawn_egg":2,"minecraft:firework_rocket":21,"minecraft:tnt":160,"minecraft:waxed_copper_block":16,"minecraft:open_eyeblossom":7,"minecraft:golden_carrot":1,"minecraft:closed_eyeblossom":2,"minecraft:elytra":3,"minecraft:diamond_pickaxe":26,"minecraft:wooden_sword":3,"minecraft:ladder":15,"minecraft:light_gray_wool":57,"minecraft:resin_bricks":3,"minecraft:blue_wool":108,"minecraft:packed_ice":67,"minecraft:warden_spawn_egg":1,"minecraft:pale_oak_slab":1,"minecraft:pale_oak_boat":1,"minecraft:wooden_pickaxe":2,"minecraft:mace":12,"minecraft:pale_oak_planks":245,"minecraft:diamond_chestplate":2,"minecraft:pink_concrete_powder":8,"minecraft:resin_block":319,"minecraft:crafting_table":16,"minecraft:pale_oak_button":1,"minecraft:potion":13,"minecraft:infested_stone":24,"minecraft:pink_carpet":18,"minecraft:netherite_helmet":4,"minecraft:pale_oak_fence_gate":1,"minecraft:glow_item_frame":37,"minecraft:trident":31,"minecraft:chorus_fruit":5,"minecraft:horse_spawn_egg":1,"minecraft:pig_spawn_egg":1,"minecraft:pale_oak_hanging_sign":4,"minecraft:pale_hanging_moss":17,"minecraft:water_bucket":6,"minecraft:slime_block":220,"minecraft:repeating_command_block":4,"minecraft:drowned_spawn_egg":19,"minecraft:cherry_door":3,"minecraft:pale_oak_log":87,"minecraft:netherite_hoe":7,"minecraft:pale_moss_block":139,"minecraft:golden_axe":22,"minecraft:elder_guardian_spawn_egg":1,"minecraft:resin_brick_wall":4,"minecraft:dried_kelp":13,"minecraft:creaking_heart":151,"minecraft:cobweb":24,"minecraft:brown_dye":8,"minecraft:cake":11,"minecraft:beacon":8,"minecraft:bamboo_planks":207,"minecraft:cooked_beef":2,"minecraft:flint_and_steel":40,"minecraft:chest":1,"minecraft:cauldron":1,"minecraft:turtle_helmet":13,"minecraft:pale_moss_carpet":22,"minecraft:light_blue_bed":1,"minecraft:ender_pearl":3,"minecraft:ravager_spawn_egg":17},"minecraft:picked_up":{"minecraft:enchanted_book":1,"minecraft:pale_oak_log":10,"minecraft:glow_item_frame":1,"minecraft:stone_button":2,"minecraft:bucket":3,"minecraft:bone":92,"minecraft:slime_block":26,"minecraft:turtle_helmet":2,"minecraft:wolf_spawn_egg":1,"minecraft:azalea_leaves":32,"minecraft:chiseled_bookshelf":52,"minecraft:pufferfish_bucket":2,"minecraft:pale_hanging_moss":1,"minecraft:pale_oak_hanging_sign":25,"minecraft:creaking_heart":10,"minecraft:pink_shulker_box":1,"minecraft:music_disc_precipice":1,"minecraft:resin_block":61,"minecraft:packed_ice":30,"minecraft:wolf_armor":3,"minecraft:acacia_slab":1,"minecraft:charcoal":6,"minecraft:powder_snow_bucket":3,"minecraft:golden_chestplate":2,"minecraft:player_head":109,"minecraft:honey_block":17,"minecraft:spectral_arrow":10,"minecraft:bow":1,"minecraft:arrow":258,"minecraft:iron_axe":3,"minecraft:diamond_chestplate":2,"minecraft:light_blue_bed":3,"minecraft:pointed_dripstone":227,"minecraft:dried_kelp_block":16,"minecraft:mace":4,"minecraft:firework_rocket":5,"minecraft:emerald_block":66,"minecraft:gunpowder":2,"minecraft:elytra":1,"minecraft:netherite_sword":2,"minecraft:yellow_bed":1,"minecraft:chainmail_leggings":2,"minecraft:dirt":14,"minecraft:open_eyeblossom":191,"minecraft:blue_egg":30,"minecraft:trident":1,"minecraft:wither_rose":32,"minecraft:blue_wool":57,"minecraft:cherry_hanging_sign":1,"minecraft:golden_boots":3,"minecraft:diamond_pickaxe":19,"minecraft:red_concrete":3,"minecraft:redstone_block":10,"minecraft:pale_oak_planks":4,"minecraft:calibrated_sculk_sensor":132,"minecraft:lingering_potion":2,"minecraft:disc_fragment_5":1,"minecraft:shield":3,"minecraft:tnt":93,"minecraft:bamboo_planks":4,"minecraft:bamboo_chest_raft":1,"minecraft:pink_wool":17,"minecraft:anvil":16,"minecraft:campfire":24,"minecraft:waxed_copper_block":75,"minecraft:cobweb":2,"minecraft:pufferfish":3,"minecraft:pale_moss_block":129,"minecraft:closed_eyeblossom":65,"minecraft:resin_brick":12,"minecraft:cake":3,"minecraft:wind_charge":64,"minecraft:pink_concrete_powder":16,"minecraft:brown_dye":380,"minecraft:pink_carpet":7,"minecraft:glass_bottle":3,"minecraft:leather_boots":3,"minecraft:crafter":16,"minecraft:jukebox":95,"minecraft:barrier":2,"minecraft:vault":55},"minecraft:dropped":{"minecraft:packed_ice":0,"minecraft:bone":24,"minecraft:ravager_spawn_egg":0,"minecraft:flint_and_steel":0,"minecraft:chiseled_bookshelf":21,"minecraft:enchanted_book":1,"minecraft:pale_hanging_moss":1,"minecraft:powder_snow_bucket":0,"minecraft:trident":1,"minecraft:shield":0,"minecraft:wolf_armor":1,"minecraft:redstone_block":0,"minecraft:crafter":0,"minecraft:jukebox":6,"minecraft:player_head":0,"minecraft:music_disc_precipice":0,"minecraft:diamond_pickaxe":0,"minecraft:pale_oak_hanging_sign":24,"minecraft:disc_fragment_5":0,"minecraft:bamboo_planks":0,"minecraft:wither_rose":64,"minecraft:cactus_flower":128,"minecraft:wooden_axe":0,"minecraft:creaking_heart":0,"minecraft:waxed_exposed_cut_copper_slab":0,"minecraft:tipped_arrow":0,"minecraft:netherite_hoe":1,"minecraft:music_disc_otherside":0,"minecraft:bow":0,"minecraft:resin_brick":0,"minecraft:bucket":0,"minecraft:dirt":24,"minecraft:calibrated_sculk_sensor":22,"minecraft:obsidian":1,"minecraft:golden_chestplate":0,"minecraft:diamond_chestplate":1,"minecraft:pufferfish_bucket":3,"minecraft:blue_egg":0,"minecraft:glass_bottle":0,"minecraft:brown_dye":62,"minecraft:red_concrete":0,"minecraft:cooked_beef":0,"minecraft:resin_block":0,"minecraft:vault":11,"minecraft:closed_eyeblossom":30,"minecraft:pale_oak_log":0,"minecraft:lingering_potion":0,"minecraft:dried_kelp_block":0,"minecraft:honey_block":0,"minecraft:echo_shard":0,"minecraft:slime_block":0},"minecraft:mined":{"minecraft:pink_concrete_powder":1,"minecraft:pale_moss_block":14,"minecraft:pink_shulker_box":1,"minecraft:waxed_exposed_cut_copper_slab":1,"minecraft:lime_bed":2,"minecraft:closed_eyeblossom":1,"minecraft:cherry_wall_hanging_sign":1,"minecraft:blue_wool":4,"minecraft:light_blue_bed":6,"minecraft:crafter":3,"minecraft:dried_kelp_block":2,"minecraft:honey_block":27,"minecraft:pink_wool":13,"minecraft:sculk_vein":1,"minecraft:slime_block":36,"minecraft:bamboo_planks":4,"minecraft:tnt":138,"minecraft:powder_snow":2,"minecraft:calibrated_sculk_sensor":5,"minecraft:creaking_heart":1,"minecraft:pale_oak_wall_hanging_sign":3,"minecraft:dirt":6,"minecraft:player_head":6,"minecraft:acacia_slab":1,"minecraft:grass_block":10,"minecraft:chiseled_bookshelf":4,"minecraft:campfire":5,"minecraft:redstone_block":1,"minecraft:yellow_bed":1,"minecraft:fire":2,"minecraft:pale_oak_planks":6,"minecraft:jukebox":6,"minecraft:resin_block":85},"minecraft:killed":{"minecraft:slime":5,"minecraft:creaking":1,"minecraft:pufferfish":1},"minecraft:killed_by":{"minecraft:ravager":15,"minecraft:player":76,"minecraft:silverfish":1,"minecraft:pufferfish":4,"minecraft:slime":1},"minecraft:crafted":{"minecraft:wooden_axe":3,"minecraft:ladder":15,"minecraft:pale_oak_planks":572,"minecraft:wooden_sword":4,"minecraft:crafting_table":21,"minecraft:stick":80,"minecraft:wooden_pickaxe":3,"minecraft:netherite_sword":1,"minecraft:shield":2,"minecraft:diamond_pickaxe":2,"minecraft:chest":1,"minecraft:cherry_door":3,"minecraft:dried_kelp_block":11,"minecraft:dried_kelp":117}},"DataVersion":4325}