{"stats":{"minecraft:killed":{"minecraft:slime":5,"minecraft:creaking":1,"minecraft:pufferfish":1},"minecraft:crafted":{"minecraft:stick":20,"minecraft:wooden_axe":1,"minecraft:wooden_pickaxe":2,"minecraft:pale_oak_planks":380,"minecraft:dried_kelp_block":11,"minecraft:dried_kelp":117,"minecraft:crafting_table":13},"minecraft:mined":{"minecraft:powder_snow":2,"minecraft:pink_concrete_powder":1,"minecraft:calibrated_sculk_sensor":3,"minecraft:pale_moss_block":11,"minecraft:pale_oak_wall_hanging_sign":3,"minecraft:dirt":2,"minecraft:player_head":2,"minecraft:acacia_slab":1,"minecraft:closed_eyeblossom":1,"minecraft:grass_block":1,"minecraft:chiseled_bookshelf":3,"minecraft:campfire":3,"minecraft:redstone_block":1,"minecraft:blue_wool":4,"minecraft:light_blue_bed":3,"minecraft:pale_oak_planks":6,"minecraft:crafter":3,"minecraft:jukebox":1,"minecraft:dried_kelp_block":2,"minecraft:pink_wool":9,"minecraft:resin_block":49,"minecraft:slime_block":21,"minecraft:tnt":138},"minecraft:custom":{"minecraft:eat_cake_slice":2,"minecraft:time_since_rest":413,"minecraft:leave_game":5,"minecraft:damage_taken":48244,"minecraft:mob_kills":9,"minecraft:boat_one_cm":7179,"minecraft:damage_absorbed":305,"minecraft:interact_with_beacon":6,"minecraft:time_since_death":410,"minecraft:aviate_one_cm":18648,"minecraft:damage_dealt_absorbed":244,"minecraft:sleep_in_bed":4,"minecraft:swim_one_cm":4209,"minecraft:total_world_time":189488,"minecraft:crouch_one_cm":129522,"minecraft:deaths":126,"minecraft:player_kills":37,"minecraft:damage_blocked_by_shield":258,"minecraft:damage_resisted":280,"minecraft:interact_with_crafting_table":14,"minecraft:walk_one_cm":172366,"minecraft:horse_one_cm":2295,"minecraft:walk_under_water_one_cm":3100,"minecraft:damage_dealt":3257,"minecraft:play_time":189488,"minecraft:jump":3227,"minecraft:drop":59,"minecraft:sprint_one_cm":208214,"minecraft:open_chest":39,"minecraft:fall_one_cm":400290,"minecraft:fly_one_cm":652076,"minecraft:interact_with_anvil":1,"minecraft:walk_on_water_one_cm":14971,"minecraft:sneak_time":46568},"minecraft:killed_by":{"minecraft:ravager":9,"minecraft:player":39,"minecraft:pufferfish":2},"minecraft:picked_up":{"minecraft:enchanted_book":1,"minecraft:pale_oak_log":10,"minecraft:glow_item_frame":1,"minecraft:stone_button":2,"minecraft:bucket":3,"minecraft:bone":91,"minecraft:slime_block":20,"minecraft:turtle_helmet":2,"minecraft:wolf_spawn_egg":1,"minecraft:azalea_leaves":32,"minecraft:chiseled_bookshelf":52,"minecraft:pufferfish_bucket":2,"minecraft:pale_hanging_moss":1,"minecraft:pale_oak_hanging_sign":25,"minecraft:resin_block":40,"minecraft:wolf_armor":3,"minecraft:acacia_slab":1,"minecraft:charcoal":4,"minecraft:powder_snow_bucket":2,"minecraft:player_head":105,"minecraft:spectral_arrow":10,"minecraft:arrow":256,"minecraft:iron_axe":3,"minecraft:diamond_chestplate":2,"minecraft:light_blue_bed":2,"minecraft:pointed_dripstone":227,"minecraft:dried_kelp_block":16,"minecraft:mace":4,"minecraft:firework_rocket":5,"minecraft:emerald_block":66,"minecraft:gunpowder":2,"minecraft:elytra":1,"minecraft:chainmail_leggings":2,"minecraft:dirt":1,"minecraft:open_eyeblossom":191,"minecraft:blue_egg":30,"minecraft:trident":1,"minecraft:wither_rose":32,"minecraft:blue_wool":57,"minecraft:golden_boots":3,"minecraft:diamond_pickaxe":18,"minecraft:red_concrete":3,"minecraft:redstone_block":10,"minecraft:pale_oak_planks":4,"minecraft:calibrated_sculk_sensor":132,"minecraft:lingering_potion":2,"minecraft:shield":1,"minecraft:tnt":93,"minecraft:bamboo_planks":1,"minecraft:bamboo_chest_raft":1,"minecraft:pink_wool":14,"minecraft:campfire":24,"minecraft:waxed_copper_block":75,"minecraft:pufferfish":2,"minecraft:pale_moss_block":126,"minecraft:closed_eyeblossom":65,"minecraft:resin_brick":12,"minecraft:cake":3,"minecraft:wind_charge":64,"minecraft:pink_concrete_powder":16,"minecraft:brown_dye":380,"minecraft:pink_carpet":7,"minecraft:glass_bottle":2,"minecraft:leather_boots":3,"minecraft:crafter":16,"minecraft:jukebox":90,"minecraft:barrier":2,"minecraft:vault":55},"minecraft:dropped":{"minecraft:bow":0,"minecraft:resin_brick":0,"minecraft:bone":24,"minecraft:ravager_spawn_egg":0,"minecraft:bucket":0,"minecraft:dirt":24,"minecraft:calibrated_sculk_sensor":22,"minecraft:obsidian":1,"minecraft:diamond_chestplate":1,"minecraft:chiseled_bookshelf":21,"minecraft:enchanted_book":1,"minecraft:pale_hanging_moss":1,"minecraft:pufferfish_bucket":3,"minecraft:trident":1,"minecraft:shield":0,"minecraft:wolf_armor":1,"minecraft:blue_egg":0,"minecraft:glass_bottle":0,"minecraft:crafter":0,"minecraft:jukebox":6,"minecraft:player_head":0,"minecraft:brown_dye":62,"minecraft:red_concrete":0,"minecraft:resin_block":0,"minecraft:pale_oak_hanging_sign":24,"minecraft:vault":11,"minecraft:closed_eyeblossom":30,"minecraft:pale_oak_log":0,"minecraft:dried_kelp_block":0,"minecraft:wither_rose":64,"minecraft:cactus_flower":128,"minecraft:wooden_axe":0,"minecraft:netherite_hoe":1},"minecraft:used":{"minecraft:painting":27,"minecraft:iron_axe":3,"minecraft:oxidized_copper_bulb":4,"minecraft:player_head":101,"minecraft:vault":31,"minecraft:acacia_slab":20,"minecraft:campfire":24,"minecraft:wither_rose":2,"minecraft:pink_wool":145,"minecraft:resin_brick_stairs":1,"minecraft:waxed_exposed_cut_copper_slab":62,"minecraft:vindicator_spawn_egg":1,"minecraft:pufferfish_bucket":10,"minecraft:wooden_axe":1,"minecraft:golden_boots":3,"minecraft:emerald_ore":12,"minecraft:golden_chestplate":9,"minecraft:pale_oak_sign":1,"minecraft:cherry_hanging_sign":8,"minecraft:red_carpet":24,"minecraft:bogged_spawn_egg":1,"minecraft:creaking_spawn_egg":2,"minecraft:crafter":62,"minecraft:barrier":8,"minecraft:powder_snow_bucket":6,"minecraft:pale_oak_door":1,"minecraft:dried_kelp_block":76,"minecraft:pale_oak_stairs":1,"minecraft:jukebox":61,"minecraft:bow":34,"minecraft:acacia_planks":1,"minecraft:lingering_potion":48,"minecraft:pale_oak_trapdoor":1,"minecraft:chiseled_resin_bricks":1,"minecraft:sculk_catalyst":10,"minecraft:calibrated_sculk_sensor":44,"minecraft:item_frame":2,"minecraft:guardian_spawn_egg":14,"minecraft:goat_horn":1,"minecraft:wolf_spawn_egg":16,"minecraft:blue_egg":94,"minecraft:dirt":123,"minecraft:obsidian":30,"minecraft:sand":6,"minecraft:wind_charge":71,"minecraft:redstone_block":26,"minecraft:leather_boots":9,"minecraft:pale_oak_chest_boat":1,"minecraft:pale_oak_fence":1,"minecraft:bucket":6,"minecraft:chiseled_bookshelf":49,"minecraft:resin_brick_slab":1,"minecraft:enchanted_golden_apple":5,"minecraft:pale_oak_pressure_plate":1,"minecraft:brown_egg":8,"minecraft:bedrock":1,"minecraft:chainmail_leggings":13,"minecraft:bamboo_chest_raft":5,"minecraft:emerald_block":57,"minecraft:shield":10,"minecraft:netherite_sword":2,"minecraft:red_concrete":10,"minecraft:creeper_spawn_egg":2,"minecraft:firework_rocket":21,"minecraft:tnt":152,"minecraft:waxed_copper_block":16,"minecraft:open_eyeblossom":7,"minecraft:closed_eyeblossom":2,"minecraft:elytra":3,"minecraft:diamond_pickaxe":21,"minecraft:light_gray_wool":57,"minecraft:resin_bricks":3,"minecraft:blue_wool":108,"minecraft:warden_spawn_egg":1,"minecraft:pale_oak_slab":1,"minecraft:pale_oak_boat":1,"minecraft:wooden_pickaxe":2,"minecraft:mace":8,"minecraft:pale_oak_planks":170,"minecraft:diamond_chestplate":2,"minecraft:pink_concrete_powder":8,"minecraft:resin_block":152,"minecraft:crafting_table":9,"minecraft:pale_oak_button":1,"minecraft:potion":4,"minecraft:infested_stone":24,"minecraft:pink_carpet":18,"minecraft:pale_oak_fence_gate":1,"minecraft:glow_item_frame":37,"minecraft:trident":22,"minecraft:horse_spawn_egg":1,"minecraft:pig_spawn_egg":1,"minecraft:pale_oak_hanging_sign":4,"minecraft:pale_hanging_moss":17,"minecraft:water_bucket":4,"minecraft:slime_block":69,"minecraft:repeating_command_block":4,"minecraft:drowned_spawn_egg":19,"minecraft:pale_oak_log":76,"minecraft:netherite_hoe":7,"minecraft:pale_moss_block":71,"minecraft:golden_axe":12,"minecraft:elder_guardian_spawn_egg":1,"minecraft:resin_brick_wall":4,"minecraft:dried_kelp":13,"minecraft:creaking_heart":126,"minecraft:cobweb":16,"minecraft:brown_dye":8,"minecraft:cake":11,"minecraft:beacon":8,"minecraft:bamboo_planks":132,"minecraft:flint_and_steel":7,"minecraft:cauldron":1,"minecraft:turtle_helmet":8,"minecraft:pale_moss_carpet":22,"minecraft:ender_pearl":3,"minecraft:ravager_spawn_egg":13}},"DataVersion":4325}