{"stats":{"minecraft:killed":{"minecraft:wolf":1,"minecraft:camel":1},"minecraft:custom":{"minecraft:time_since_rest":555,"minecraft:leave_game":4,"minecraft:damage_taken":13450,"minecraft:mob_kills":2,"minecraft:boat_one_cm":1152,"minecraft:damage_absorbed":668,"minecraft:open_shulker_box":39,"minecraft:time_since_death":552,"minecraft:damage_dealt_absorbed":104,"minecraft:total_world_time":118502,"minecraft:swim_one_cm":2341,"minecraft:crouch_one_cm":93953,"minecraft:deaths":99,"minecraft:player_kills":52,"minecraft:damage_resisted":818,"minecraft:interact_with_crafting_table":8,"minecraft:walk_one_cm":87085,"minecraft:horse_one_cm":175,"minecraft:walk_under_water_one_cm":10993,"minecraft:play_time":118502,"minecraft:damage_dealt":3819,"minecraft:jump":3884,"minecraft:play_record":1,"minecraft:drop":81,"minecraft:sprint_one_cm":185658,"minecraft:open_chest":24,"minecraft:fall_one_cm":223954,"minecraft:fly_one_cm":522002,"minecraft:walk_on_water_one_cm":2559,"minecraft:sneak_time":31691},"minecraft:broken":{"minecraft:trident":1,"minecraft:mace":2,"minecraft:golden_pickaxe":1},"minecraft:used":{"minecraft:golden_pickaxe":5,"minecraft:bamboo_chest_raft":3,"minecraft:pink_shulker_box":4,"minecraft:oxidized_copper_bulb":6,"minecraft:player_head":13,"minecraft:netherite_sword":20,"minecraft:vault":5,"minecraft:netherite_axe":5,"minecraft:cherry_planks":10,"minecraft:tnt":19,"minecraft:golden_carrot":3,"minecraft:pink_wool":206,"minecraft:waxed_exposed_cut_copper_slab":61,"minecraft:pufferfish_bucket":2,"minecraft:wooden_axe":7,"minecraft:diamond_pickaxe":8,"minecraft:golden_chestplate":6,"minecraft:packed_ice":53,"minecraft:oak_wood":2,"minecraft:bogged_spawn_egg":1,"minecraft:crafter":94,"minecraft:mace":8,"minecraft:resin_block":78,"minecraft:powder_snow_bucket":1,"minecraft:crafting_table":5,"minecraft:potion":2,"minecraft:jukebox":231,"minecraft:bow":2,"minecraft:netherite_helmet":2,"minecraft:trident":1,"minecraft:chorus_fruit":1,"minecraft:lingering_potion":6,"minecraft:slime_block":82,"minecraft:water_bucket":2,"minecraft:calibrated_sculk_sensor":167,"minecraft:dirt":1,"minecraft:golden_axe":5,"minecraft:wind_charge":15,"minecraft:redstone_block":76,"minecraft:resin_brick_wall":20,"minecraft:creaking_heart":53,"minecraft:cobweb":15,"minecraft:leather_boots":4,"minecraft:bamboo_planks":57,"minecraft:flint_and_steel":1,"minecraft:bucket":2,"minecraft:chest":3,"minecraft:chiseled_bookshelf":118,"minecraft:enchanted_golden_apple":8,"minecraft:turtle_helmet":3,"minecraft:ravager_spawn_egg":1,"minecraft:ender_pearl":2,"minecraft:chainmail_leggings":4},"minecraft:killed_by":{"minecraft:bogged":1,"minecraft:ravager":8,"minecraft:player":38,"minecraft:pufferfish":1},"minecraft:dropped":{"minecraft:cobweb":0,"minecraft:crafter":0,"minecraft:music_disc_otherside":0,"minecraft:player_head":0,"minecraft:netherite_sword":0,"minecraft:diamond_pickaxe":0,"minecraft:slime_block":0,"minecraft:netherite_axe":0},"minecraft:picked_up":{"minecraft:oak_wood":2,"minecraft:chainmail_leggings":1,"minecraft:dirt":1,"minecraft:cherry_hanging_sign":32,"minecraft:oxidized_copper_bulb":1,"minecraft:slime_block":75,"minecraft:turtle_helmet":1,"minecraft:resin_clump":2,"minecraft:redstone_block":1,"minecraft:pale_oak_planks":4,"minecraft:slime_ball":1,"minecraft:shield":2,"minecraft:echo_shard":1,"minecraft:tnt":5,"minecraft:chiseled_bookshelf":32,"minecraft:bamboo_planks":18,"minecraft:pufferfish_bucket":1,"minecraft:bamboo_chest_raft":1,"minecraft:netherite_axe":2,"minecraft:pink_wool":5,"minecraft:music_disc_precipice":1,"minecraft:campfire":6,"minecraft:resin_block":23,"minecraft:cobweb":13,"minecraft:ravager_spawn_egg":1,"minecraft:potion":2,"minecraft:player_head":5,"minecraft:flint_and_steel":1,"minecraft:crafting_table":1,"minecraft:light_blue_bed":1,"minecraft:brown_dye":128,"minecraft:crafter":15,"minecraft:jukebox":32,"minecraft:vault":2,"minecraft:golden_carrot":6,"minecraft:netherite_sword":2},"minecraft:mined":{"minecraft:calibrated_sculk_sensor":3,"minecraft:creaking_heart":1,"minecraft:waxed_exposed_cut_copper_slab":1,"minecraft:player_head":2,"minecraft:lime_bed":1,"minecraft:grass_block":1,"minecraft:oxidized_copper_bulb":1,"minecraft:packed_ice":4,"minecraft:campfire":1,"minecraft:redstone_block":1,"minecraft:light_blue_bed":3,"minecraft:player_wall_head":2,"minecraft:yellow_bed":1,"minecraft:pale_oak_planks":4,"minecraft:crafter":2,"minecraft:jukebox":2,"minecraft:oak_wood":2,"minecraft:pink_wool":6,"minecraft:crafting_table":1,"minecraft:resin_block":22,"minecraft:pink_bed":1,"minecraft:slime_block":36,"minecraft:bamboo_planks":1,"minecraft:tnt":6},"minecraft:crafted":{"minecraft:stick":4,"minecraft:wooden_axe":1,"minecraft:pale_oak_planks":48,"minecraft:chest":3,"minecraft:ender_pearl":2,"minecraft:crafting_table":6}},"DataVersion":4325}