{"stats":{"minecraft:custom":{"minecraft:time_since_rest":342,"minecraft:leave_game":6,"minecraft:damage_taken":22238,"minecraft:mob_kills":3,"minecraft:boat_one_cm":1152,"minecraft:damage_absorbed":668,"minecraft:open_shulker_box":44,"minecraft:time_since_death":339,"minecraft:damage_dealt_absorbed":112,"minecraft:swim_one_cm":6252,"minecraft:total_world_time":239597,"minecraft:crouch_one_cm":201232,"minecraft:deaths":217,"minecraft:climb_one_cm":707,"minecraft:player_kills":71,"minecraft:damage_resisted":1760,"minecraft:interact_with_crafting_table":12,"minecraft:walk_one_cm":192046,"minecraft:horse_one_cm":175,"minecraft:walk_under_water_one_cm":15401,"minecraft:damage_dealt":5441,"minecraft:play_time":239597,"minecraft:jump":7122,"minecraft:play_record":1,"minecraft:drop":154,"minecraft:sprint_one_cm":362064,"minecraft:open_chest":29,"minecraft:fall_one_cm":370480,"minecraft:fly_one_cm":1442505,"minecraft:interact_with_anvil":1,"minecraft:walk_on_water_one_cm":3698,"minecraft:sneak_time":69453},"minecraft:broken":{"minecraft:golden_axe":1,"minecraft:trident":1,"minecraft:mace":2,"minecraft:diamond_pickaxe":1,"minecraft:golden_pickaxe":1},"minecraft:used":{"minecraft:grass_block":2,"minecraft:golden_pickaxe":5,"minecraft:bamboo_chest_raft":3,"minecraft:pink_shulker_box":6,"minecraft:oxidized_copper_bulb":8,"minecraft:player_head":20,"minecraft:netherite_sword":21,"minecraft:netherite_axe":9,"minecraft:vault":8,"minecraft:cherry_planks":49,"minecraft:campfire":4,"minecraft:tnt":19,"minecraft:golden_carrot":5,"minecraft:pink_wool":385,"minecraft:waxed_exposed_cut_copper_slab":168,"minecraft:pufferfish_bucket":5,"minecraft:wooden_axe":7,"minecraft:diamond_pickaxe":21,"minecraft:golden_chestplate":10,"minecraft:packed_ice":153,"minecraft:oak_wood":2,"minecraft:bogged_spawn_egg":1,"minecraft:crafter":148,"minecraft:mace":9,"minecraft:pale_oak_planks":107,"minecraft:resin_block":208,"minecraft:barrier":2,"minecraft:powder_snow_bucket":1,"minecraft:crafting_table":9,"minecraft:potion":8,"minecraft:jukebox":447,"minecraft:bow":2,"minecraft:netherite_helmet":2,"minecraft:trident":9,"minecraft:chorus_fruit":1,"minecraft:lingering_potion":15,"minecraft:sculk_catalyst":3,"minecraft:water_bucket":2,"minecraft:slime_block":115,"minecraft:calibrated_sculk_sensor":192,"minecraft:anvil":18,"minecraft:pale_oak_log":8,"minecraft:dirt":1,"minecraft:pale_moss_block":17,"minecraft:golden_axe":11,"minecraft:wind_charge":56,"minecraft:yellow_terracotta":2,"minecraft:redstone_block":148,"minecraft:resin_brick_wall":20,"minecraft:creaking_heart":88,"minecraft:cobweb":17,"minecraft:leather_boots":9,"minecraft:bamboo_planks":114,"minecraft:flint_and_steel":1,"minecraft:bucket":4,"minecraft:chest":6,"minecraft:splash_potion":87,"minecraft:chiseled_bookshelf":229,"minecraft:turtle_helmet":4,"minecraft:enchanted_golden_apple":8,"minecraft:ender_pearl":2,"minecraft:ravager_spawn_egg":1,"minecraft:bedrock":26,"minecraft:chainmail_leggings":8},"minecraft:picked_up":{"minecraft:waxed_exposed_cut_copper_slab":18,"minecraft:slime_block":86,"minecraft:turtle_helmet":1,"minecraft:resin_clump":2,"minecraft:slime_ball":3,"minecraft:echo_shard":3,"minecraft:chiseled_bookshelf":32,"minecraft:pufferfish_bucket":2,"minecraft:creaking_heart":25,"minecraft:music_disc_precipice":4,"minecraft:resin_block":56,"minecraft:oak_pressure_plate":28,"minecraft:packed_ice":10,"minecraft:golden_chestplate":1,"minecraft:player_head":9,"minecraft:honey_block":2,"minecraft:light_blue_bed":1,"minecraft:enchanted_golden_apple":1,"minecraft:netherite_helmet":1,"minecraft:golden_carrot":6,"minecraft:netherite_sword":2,"minecraft:lime_bed":1,"minecraft:oak_wood":2,"minecraft:chainmail_leggings":1,"minecraft:dirt":1,"minecraft:trident":1,"minecraft:cherry_hanging_sign":32,"minecraft:diamond_pickaxe":1,"minecraft:oxidized_copper_bulb":6,"minecraft:redstone_block":4,"minecraft:pale_oak_planks":4,"minecraft:lingering_potion":4,"minecraft:disc_fragment_5":3,"minecraft:shield":3,"minecraft:splash_potion":1,"minecraft:tnt":5,"minecraft:bamboo_planks":21,"minecraft:pink_bed":1,"minecraft:bamboo_chest_raft":1,"minecraft:netherite_axe":3,"minecraft:tipped_arrow":39,"minecraft:pink_wool":34,"minecraft:campfire":10,"minecraft:cobweb":13,"minecraft:ravager_spawn_egg":3,"minecraft:potion":2,"minecraft:flint_and_steel":2,"minecraft:crafting_table":1,"minecraft:wind_charge":2,"minecraft:brown_dye":128,"minecraft:glass_bottle":1,"minecraft:leather_boots":4,"minecraft:crafter":17,"minecraft:jukebox":34,"minecraft:vault":2},"minecraft:dropped":{"minecraft:glass_bottle":0,"minecraft:music_disc_otherside":0,"minecraft:cherry_hanging_sign":0,"minecraft:crafter":0,"minecraft:player_head":0,"minecraft:leather_boots":0,"minecraft:netherite_sword":0,"minecraft:music_disc_precipice":0,"minecraft:diamond_pickaxe":0,"minecraft:vault":0,"minecraft:disc_fragment_5":0,"minecraft:oxidized_copper_bulb":0,"minecraft:lingering_potion":0,"minecraft:netherite_axe":0,"minecraft:bamboo_planks":0,"minecraft:cobweb":0,"minecraft:golden_chestplate":0,"minecraft:bamboo_chest_raft":0,"minecraft:waxed_exposed_cut_copper_slab":0,"minecraft:slime_block":0},"minecraft:mined":{"minecraft:pink_shulker_box":1,"minecraft:waxed_exposed_cut_copper_slab":2,"minecraft:lime_bed":3,"minecraft:light_blue_bed":5,"minecraft:crafter":4,"minecraft:honey_block":9,"minecraft:crafting_table":1,"minecraft:pink_wool":8,"minecraft:sculk_vein":3,"minecraft:slime_block":50,"minecraft:bamboo_planks":5,"minecraft:tnt":6,"minecraft:powder_snow":1,"minecraft:calibrated_sculk_sensor":5,"minecraft:creaking_heart":1,"minecraft:player_head":3,"minecraft:grass_block":1,"minecraft:oxidized_copper_bulb":2,"minecraft:packed_ice":5,"minecraft:chiseled_bookshelf":4,"minecraft:campfire":2,"minecraft:redstone_block":3,"minecraft:player_wall_head":2,"minecraft:yellow_bed":3,"minecraft:pale_oak_planks":5,"minecraft:jukebox":8,"minecraft:oak_wood":2,"minecraft:resin_block":41,"minecraft:oak_pressure_plate":18,"minecraft:pink_bed":3},"minecraft:killed":{"minecraft:wolf":1,"minecraft:camel":1},"minecraft:killed_by":{"minecraft:bogged":1,"minecraft:ravager":10,"minecraft:player":61,"minecraft:pufferfish":2,"minecraft:slime":1},"minecraft:crafted":{"minecraft:stick":4,"minecraft:wooden_axe":1,"minecraft:pale_oak_planks":236,"minecraft:chest":6,"minecraft:crafting_table":10,"minecraft:ender_pearl":2}},"DataVersion":4325}